Start Date,End Date,Item Name,Menu Category,Gross Item Sales,Item Volume,% of Total Item Volume,Total Item Missing or Incorrect Errors,% of Total Missing/Incorrect Errors,Item Missing/Incorrect %,Total Item Error Charges,Currency
2025-01-01,2026-06-03,2 Cheeseburger Meal,Extra Value Meals,83888.6,7772,2.76,254,3.18,3.04,1699.2,USD
2025-01-01,2026-06-03,French Fries,Fries,56829.18,14612,5.18,305,3.81,2.06,1118.08,USD
2025-01-01,2026-06-03,6 pc. Chicken McNuggetsยฎ Happy Mealยฎ,Happy Meal,56467.56,7868,2.79,304,3.8,3.74,1694.95,USD
2025-01-01,2026-06-03,10 pc. Chicken McNuggetsยฎ,Chicken,44074.42,7358,2.61,165,2.06,2.16,803.58,USD
2025-01-01,2026-06-03,20 pc. Chicken McNuggetsยฎ,Most Popular,40980.46,4344,1.54,137,1.71,3.04,1101.05,USD
2025-01-01,2026-06-03,Hash Browns,Hash Browns and Sides,39147.37,14243,5.05,198,2.48,1.38,670.75,USD
2025-01-01,2026-06-03,McChickenยฎ,Chicken,33583.61,10271,3.64,163,2.04,1.59,522.31,USD
2025-01-01,2026-06-03,10 pc. Chicken McNuggetsยฎ Meal,Most Popular,28674.36,2604,0.92,93,1.16,3.49,591.21,USD
2025-01-01,2026-06-03,20 pc. Chicken McNuggetsยฎ,Chicken,23468.85,2485,0.88,104,1.3,4.06,867.87,USD
2025-01-01,2026-06-03,10 pc. Chicken McNuggetsยฎ,McNuggets & Meals,21719.74,3626,1.29,104,1.3,2.84,522.61,USD
2025-01-01,2026-06-03,Sausage McMuffinยฎ with Egg,Most Popular,20742.08,4344,1.54,56,0.7,1.27,253.68,USD
2025-01-01,2026-06-03,McDoubleยฎ,Burgers,19880.99,5345,1.89,95,1.19,1.74,354.45,USD
2025-01-01,2026-06-03,Big Macยฎ Meal,Extra Value Meals,19367.91,1760,0.62,91,1.14,5.17,511.03,USD
2025-01-01,2026-06-03,French Fries,Most Popular,18844.1,4920,1.74,105,1.31,2.09,373.58,USD
2025-01-01,2026-06-03,10 pc. Chicken McNuggetsยฎ,Individual Items,18239.55,3045,1.08,63,0.79,2.0,339.82,USD
2025-01-01,2026-06-03,Caramel Frappรฉ,McCafรฉยฎ Coffees,18012.38,3325,1.18,97,1.21,2.86,401.11,USD
2025-01-01,2026-06-03,Big Breakfastยฎ with Hotcakes,Homestyle Breakfasts,17544.79,1944,0.69,61,0.76,3.14,411.44,USD
2025-01-01,2026-06-03,Classic Big Macยฎ Pack ,Shareables,16906.82,674,0.24,41,0.51,6.08,453.84,USD
2025-01-01,2026-06-03,Double Cheeseburger,Burgers,16288.53,4008,1.42,61,0.76,1.5,227.9,USD
2025-01-01,2026-06-03,"Sausage, Egg & Cheese McGriddlesยฎ",Individual Items,15633.96,2751,0.98,48,0.6,1.71,246.91,USD
2025-01-01,2026-06-03,10 pc. Chicken McNuggetsยฎ Meal,Extra Value Meals,15309.82,1398,0.5,59,0.74,4.01,304.93,USD
2025-01-01,2026-06-03,Big Macยฎ,Individual Items,15026.14,2471,0.88,53,0.66,2.06,222.44,USD
2025-01-01,2026-06-03,2 Cheeseburger Meal,Combo Meals,14035.12,1312,0.47,82,1.03,6.17,492.74,USD
2025-01-01,2026-06-03,10 pc. Chicken McNuggetsยฎ Meal,McNuggets & Meals,13926.52,1248,0.44,74,0.93,5.93,498.43,USD
2025-01-01,2026-06-03,Hamburger Happy Mealยฎ,Happy Meal,13339.78,2107,0.75,81,1.01,3.8,357.25,USD
2025-01-01,2026-06-03,13 Cookie Tote,Sweets & Treats,12875.81,1719,0.61,54,0.68,3.14,320.13,USD
2025-01-01,2026-06-03,2 Cheeseburger Meal,Meals,11733.52,1092,0.39,51,0.64,4.67,259.22,USD
2025-01-01,2026-06-03,Chicken Pack,Shareables,11576.76,340,0.12,24,0.3,6.18,325.77,USD
2025-01-01,2026-06-03,Sausage McMuffinยฎ with Egg,Sandwiches,11169.15,2349,0.83,38,0.48,1.53,150.81,USD
2025-01-01,2026-06-03,Big Macยฎ Meal,Combo Meals,10919.08,975,0.35,50,0.63,5.13,320.65,USD
2025-01-01,2026-06-03,Basket of Fries,Fries,10439.88,1452,0.51,35,0.44,2.34,203.05,USD
2025-01-01,2026-06-03,Big Macยฎ Meal,Most Popular,10357.01,935,0.33,36,0.45,3.85,247.54,USD
2025-01-01,2026-06-03,McChickenยฎ,Individual Items,10227.13,3189,1.13,52,0.65,1.63,158.57,USD
2025-01-01,2026-06-03,Steak Egg Cheese Bagel,Individual Items,9853.03,1399,0.5,34,0.43,2.43,165.51,USD
2025-01-01,2026-06-03,Double Quarter Pounderยฎ with Cheese Meal,Extra Value Meals,9504.33,660,0.23,30,0.38,4.55,255.99,USD
2025-01-01,2026-06-03,10 pc. Chicken McNuggetsยฎ Meal,Meals,9169.99,821,0.29,33,0.41,4.02,182.66,USD
2025-01-01,2026-06-03,Mocha Frappรฉ,McCafรฉยฎ Coffees,9013.55,1600,0.57,46,0.58,2.88,200.95,USD
2025-01-01,2026-06-03,Big Macยฎ,Burgers,8930.8,1471,0.52,32,0.4,2.18,147.86,USD
2025-01-01,2026-06-03,4 pc. Chicken McNuggetยฎ Happy Mealยฎ,Happy Meal,8513.77,1285,0.46,67,0.84,5.14,329.46,USD
2025-01-01,2026-06-03,Triple Cheeseburger,Burgers,8494.73,1576,0.56,20,0.25,1.27,85.21,USD
2025-01-01,2026-06-03,Sausage McMuffinยฎ,Individual Items,8466.94,2317,0.82,29,0.36,1.21,98.87,USD
2025-01-01,2026-06-03,Hotcakes and Sausage,Homestyle Breakfasts,8196.22,1190,0.42,36,0.45,3.03,163.6,USD
2025-01-01,2026-06-03,Hash Browns,Most Popular,7652.85,2825,1.0,43,0.54,1.52,142.32,USD
2025-01-01,2026-06-03,Big Macยฎ Meal,Meals,7417.14,658,0.23,33,0.41,4.71,130.06,USD
2025-01-01,2026-06-03,Big Macยฎ Meal,Burgers,7414.47,671,0.24,33,0.41,4.92,171.79,USD
2025-01-01,2026-06-03,2 Cookies,Sweets & Treats,7233.01,2129,0.75,62,0.78,2.91,188.56,USD
2025-01-01,2026-06-03,Sausage Burrito,Individual Items,7079.71,2689,0.95,38,0.48,1.41,131.9,USD
2025-01-01,2026-06-03,"Sausage, Egg and Cheese McGriddlesยฎ Meal",Extra Value Meals,7069.93,693,0.25,37,0.46,5.34,182.45,USD
2025-01-01,2026-06-03,Quarter Pounderยฎ with Cheese Meal,Extra Value Meals,6972.28,617,0.22,32,0.4,5.19,139.09,USD
2025-01-01,2026-06-03,Spicy McCrispyโข Meal,Extra Value Meals,6931.3,556,0.2,20,0.25,3.6,116.7,USD
2025-01-01,2026-06-03,Sausage & Egg McMuffinยฎ,Most Popular,6910.65,1450,0.51,17,0.21,1.17,94.5,USD
2025-01-01,2026-06-03,Double Quarter Pounderยฎ with Cheese Deluxe Meal,Extra Value Meals,6797.26,472,0.17,25,0.31,5.3,193.46,USD
2025-01-01,2026-06-03,20 pc. Chicken McNuggetsยฎ & Basket of Fries,Shareables,6740.05,425,0.15,28,0.35,6.59,222.43,USD
2025-01-01,2026-06-03,McDoubleยฎ,Individual Items,6711.76,1829,0.65,41,0.51,2.24,164.65,USD
2025-01-01,2026-06-03,Hotcakes,Homestyle Breakfasts,6629.13,1347,0.48,23,0.29,1.71,92.2,USD
2025-01-01,2026-06-03,BIG ARCHโข Meal,LimitedโฏTime: BIG ARCHโข,6610.68,417,0.15,23,0.29,5.52,168.23,USD
2025-01-01,2026-06-03,Double Quarter Pounderยฎ with Cheese Meal,Combo Meals,6606.13,479,0.17,31,0.39,6.47,273.78,USD
2025-01-01,2026-06-03,Cokeยฎ,Beverages,6547.0,3120,1.11,45,0.56,1.41,90.82,USD
2025-01-01,2026-06-03,10 pc. Chicken McNuggetsยฎ Meal,Chicken,6171.61,559,0.2,24,0.3,4.29,101.24,USD
2025-01-01,2026-06-03,Minute Maidยฎ Orange Juice,Beverages,6120.35,1585,0.56,25,0.31,1.58,57.66,USD
2025-01-01,2026-06-03,Steak Egg Cheese Bagel Meal,Extra Value Meals,5955.11,522,0.19,35,0.44,6.13,243.61,USD
2025-01-01,2026-06-03,Triple Cheeseburger Meal,Combo Meals,5852.75,558,0.2,31,0.39,5.56,211.73,USD
2025-01-01,2026-06-03,Sausage Egg McMuffinยฎ Meal,Combo Meals,5787.08,611,0.22,21,0.26,3.44,127.06,USD
2025-01-01,2026-06-03,Spriteยฎ,Beverages,5660.25,2735,0.97,48,0.6,1.76,85.05,USD
2025-01-01,2026-06-03,"Sausage, Egg and Cheese McGriddlesยฎ Meal",Combo Meals,5524.97,514,0.18,34,0.43,6.61,215.97,USD
2025-01-01,2026-06-03,OREOยฎ McFlurryยฎ,Sweets & Treats,5501.04,1394,0.49,153,1.91,10.98,564.15,USD
2025-01-01,2026-06-03,Cheeseburger,Burgers,5402.85,1611,0.57,21,0.26,1.3,69.68,USD
2025-01-01,2026-06-03,Hi-Cยฎ Orange,Beverages,5343.72,2588,0.92,53,0.66,2.05,98.71,USD
2025-01-01,2026-06-03,Steak Egg Cheese Bagel Meal,Combo Meals,5337.69,467,0.17,24,0.3,4.93,184.78,USD
2025-01-01,2026-06-03,Daily Doubleยฎ,Burgers,5302.16,1210,0.43,22,0.28,1.82,79.47,USD
2025-01-01,2026-06-03,Strawberry & Crรจme Pie,Sweets & Treats,5248.01,1529,0.54,96,1.2,6.28,310.65,USD
2025-01-01,2026-06-03,Sausage Egg McMuffinยฎ Meal,Extra Value Meals,5218.09,577,0.2,27,0.34,4.33,129.47,USD
2025-01-01,2026-06-03,40 pc. Chicken McNuggetsยฎ & 2 Large Fries,Shareables,4987.62,198,0.07,16,0.2,7.58,206.86,USD
2025-01-01,2026-06-03,Triple Cheeseburger Meal,Meals,4942.18,474,0.17,32,0.4,6.54,187.78,USD
2025-01-01,2026-06-03,Bacon Quarter Pounderยฎ with Cheese Meal,Extra Value Meals,4702.15,367,0.13,20,0.25,5.45,77.25,USD
2025-01-01,2026-06-03,Filet-O-Fishยฎ Meal,Extra Value Meals,4668.31,417,0.15,21,0.26,5.04,123.92,USD
2025-01-01,2026-06-03,6 pc. Chicken McNuggetsยฎ,Chicken,4649.6,1180,0.42,28,0.35,2.29,84.01,USD
2025-01-01,2026-06-03,Double Cheeseburger,Individual Items,4583.62,1145,0.41,17,0.21,1.48,63.51,USD
2025-01-01,2026-06-03,Sausage McGriddlesยฎ,Sandwiches,4357.97,898,0.32,19,0.24,2.12,83.74,USD
2025-01-01,2026-06-03,Filet-O-Fishยฎ,Fish,4255.53,720,0.26,13,0.16,1.81,55.76,USD
2025-01-01,2026-06-03,Apple Pie,Sweets & Treats,4039.7,1350,0.48,74,0.93,5.48,219.34,USD
2025-01-01,2026-06-03,2 Sausage Burrito Meal,Extra Value Meals,4016.75,437,0.15,14,0.18,3.2,64.27,USD
2025-01-01,2026-06-03,Cheeseburger,Individual Items,3972.58,1195,0.42,23,0.29,1.92,96.4,USD
2025-01-01,2026-06-03,40 pc. Chicken McNuggetsยฎ,Chicken,3950.6,250,0.09,13,0.16,4.8,99.15,USD
2025-01-01,2026-06-03,"Sausage, Egg & Cheese McGriddlesยฎ",Sandwiches,3926.7,700,0.25,13,0.16,1.86,50.57,USD
2025-01-01,2026-06-03,Quarter Pounderยฎ with Cheese Deluxe Meal,Extra Value Meals,3847.59,313,0.11,15,0.19,4.79,74.6,USD
2025-01-01,2026-06-03,Double Quarter Pounderยฎ with Cheese Meal,Meals,3786.56,266,0.09,17,0.21,6.39,101.24,USD
2025-01-01,2026-06-03,2 Cheeseburger Meal,Burgers,3767.23,353,0.13,16,0.2,4.53,130.7,USD
2025-01-01,2026-06-03,Dr Pepperยฎ,Beverages,3745.73,1797,0.64,17,0.21,0.95,26.12,USD
2025-01-01,2026-06-03,Chocolate Shake,Sweets & Treats,3641.6,752,0.27,82,1.03,10.9,361.21,USD
2025-01-01,2026-06-03,Double Quarter Pounderยฎ with Cheese,Burgers,3611.69,402,0.14,19,0.24,4.73,138.95,USD
2025-01-01,2026-06-03,McCrispyโข Meal,Chicken,3584.52,285,0.1,7,0.09,2.46,57.14,USD
2025-01-01,2026-06-03,Strawberry Banana Smoothie,Beverages,3487.4,822,0.29,33,0.41,4.01,95.66,USD
2025-01-01,2026-06-03,2 Sausage Burrito Meal,Combo Meals,3473.17,384,0.14,17,0.21,4.43,98.51,USD
2025-01-01,2026-06-03,"Bacon, Egg & Cheese McGriddlesยฎ Meal",Extra Value Meals,3466.4,363,0.13,28,0.35,7.71,125.12,USD
2025-01-01,2026-06-03,Triple Cheeseburger,Individual Items,3446.33,648,0.23,11,0.14,1.7,44.31,USD
2025-01-01,2026-06-03,Double Filet-O-Fishยฎ Meal,Fish,3445.75,267,0.09,15,0.19,5.24,72.29,USD
2025-01-01,2026-06-03,Bacon Egg Cheese Bagel Meal,Extra Value Meals,3381.3,317,0.11,23,0.29,6.94,126.54,USD
2025-01-01,2026-06-03,"Bacon, Egg & Cheese McGriddlesยฎ",Individual Items,3355.67,656,0.23,6,0.08,0.91,28.58,USD
2025-01-01,2026-06-03,Vanilla Shake,Sweets & Treats,3311.96,696,0.25,84,1.05,12.07,359.27,USD
2025-01-01,2026-06-03,Quarter Pounderยฎ with Cheese Meal,Combo Meals,3296.29,283,0.1,15,0.19,5.3,116.31,USD
2025-01-01,2026-06-03,Big Breakfastยฎ,Homestyle Breakfasts,3213.4,491,0.17,24,0.3,4.89,105.75,USD
2025-01-01,2026-06-03,Double Quarter Pounderยฎ with Cheese Meal,Burgers,3126.05,224,0.08,10,0.13,4.46,83.45,USD
2025-01-01,2026-06-03,20 pc. Chicken McNuggetsยฎ,McNuggets & Meals,3117.48,332,0.12,7,0.09,2.11,50.28,USD
2025-01-01,2026-06-03,Bacon McDoubleยฎ Meal,Combo Meals,3111.5,395,0.14,18,0.23,4.56,74.61,USD
2025-01-01,2026-06-03,Sausage McGriddlesยฎ,Individual Items,3082.54,648,0.23,9,0.11,1.39,28.27,USD
2025-01-01,2026-06-03,M&Mยฎ McFlurryยฎ,Sweets & Treats,3043.27,735,0.26,106,1.33,14.42,387.37,USD
2025-01-01,2026-06-03,Filet-O-Fishยฎ,Individual Items,2991.41,505,0.18,15,0.19,2.97,59.15,USD
2025-01-01,2026-06-03,Spicy McCrispyโข Meal,Meals,2981.45,231,0.08,8,0.1,3.46,45.96,USD
2025-01-01,2026-06-03,Quarter Pounderยฎ with Cheese,Burgers,2958.56,438,0.16,7,0.09,1.6,19.98,USD
2025-01-01,2026-06-03,Chicken McGriddlesยฎ,Individual Items,2944.74,642,0.23,11,0.14,1.71,38.99,USD
2025-01-01,2026-06-03,13 Cookie Tote,Shareables,2935.84,396,0.14,21,0.26,5.3,128.41,USD
2025-01-01,2026-06-03,Sausage Egg Biscuit,Individual Items,2787.99,525,0.19,7,0.09,1.14,21.16,USD
2025-01-01,2026-06-03,Sausage Burrito,Sandwiches,2778.35,1045,0.37,18,0.23,1.72,70.14,USD
2025-01-01,2026-06-03,McCrispyโข,Chicken,2644.07,350,0.12,6,0.08,1.71,37.92,USD
2025-01-01,2026-06-03,Deluxe Spicy McCrispyโข Meal,Extra Value Meals,2622.12,201,0.07,7,0.09,3.48,60.63,USD
2025-01-01,2026-06-03,Big Breakfastยฎ with Hotcakes,Most Popular,2592.16,284,0.1,6,0.08,2.11,33.19,USD
2025-01-01,2026-06-03,Bacon McDoubleยฎ,Burgers,2572.56,508,0.18,11,0.14,2.17,36.88,USD
2025-01-01,2026-06-03,10 pc. Chicken McNuggetsยฎ,Meals,2563.72,428,0.15,11,0.14,2.1,47.52,USD
2025-01-01,2026-06-03,Deluxe McCrispyโข Meal,Extra Value Meals,2562.34,200,0.07,4,0.05,2.0,29.08,USD
2025-01-01,2026-06-03,The HUNTRโX Meal,Limited Time: Theย HUNTRโX Meal,2539.49,191,0.07,12,0.15,6.28,78.47,USD
2025-01-01,2026-06-03,Double Quarter Pounderยฎ with Cheese Deluxe Meal,Meals,2528.0,172,0.06,8,0.1,4.65,80.83,USD
2025-01-01,2026-06-03,Steak Egg Cheese Bagel,Sandwiches,2507.57,359,0.13,7,0.09,1.95,33.19,USD
2025-01-01,2026-06-03,Filet-O-Fishยฎ Meal,Combo Meals,2502.38,225,0.08,15,0.19,6.67,91.13,USD
2025-01-01,2026-06-03,6 pc. Chicken McNuggetsยฎ,McNuggets & Meals,2495.66,654,0.23,13,0.16,1.99,43.0,USD
2025-01-01,2026-06-03,6 pc. Chicken McNuggetsยฎ,Individual Items,2428.86,614,0.22,13,0.16,2.12,46.18,USD
2025-01-01,2026-06-03,"Bacon, Egg & Cheese McGriddlesยฎ",Sandwiches,2422.97,452,0.16,6,0.08,1.33,35.23,USD
2025-01-01,2026-06-03,Bacon McDoubleยฎ Meal,Meals,2414.33,303,0.11,15,0.19,4.29,45.32,USD
2025-01-01,2026-06-03,Steak Egg Cheese Bagel Meal,Most Popular,2368.51,213,0.08,6,0.08,2.82,33.0,USD
2025-01-01,2026-06-03,Quarter Pounderยฎ with Cheese Meal,Meals,2352.75,202,0.07,11,0.14,5.45,45.23,USD
2025-01-01,2026-06-03,6 pc. Chicken McNuggetsยฎ Meal,McNuggets & Meals,2350.93,257,0.09,18,0.23,7.0,75.03,USD
2025-01-01,2026-06-03,Sausage Biscuit,Sandwiches,2346.63,585,0.21,12,0.15,2.05,40.14,USD
2025-01-01,2026-06-03,Quarter Pounderยฎ with Cheese Meal,Burgers,2343.35,197,0.07,13,0.16,6.6,58.91,USD
2025-01-01,2026-06-03,40 pc. Chicken McNuggetsยฎ,Shareables,2327.42,148,0.05,8,0.1,4.73,67.47,USD
2025-01-01,2026-06-03,Double Filet-O-Fishยฎ Meal,Extra Value Meals,2325.56,179,0.06,10,0.13,5.59,55.2,USD
2025-01-01,2026-06-03,Iced Caramel Coffee,McCafรฉยฎ Coffees,2305.85,570,0.2,16,0.2,2.81,32.22,USD
2025-01-01,2026-06-03,2 Ranch Snack Wrapยฎ Meal,Extra Value Meals,2289.88,188,0.07,17,0.21,7.98,69.63,USD
2025-01-01,2026-06-03,Sausage Egg Biscuit Meal,Extra Value Meals,2277.19,218,0.08,15,0.19,6.42,68.51,USD
2025-01-01,2026-06-03,Strawberry Shake,Sweets & Treats,2274.85,478,0.17,37,0.46,7.53,136.11,USD
2025-01-01,2026-06-03,Bacon Egg Cheese Bagel Meal,Combo Meals,2234.44,208,0.07,13,0.16,6.25,69.0,USD
2025-01-01,2026-06-03,Double Bacon Quarter Pounderยฎ with Cheese Meal,Combo Meals,2224.38,149,0.05,6,0.08,4.03,40.44,USD
2025-01-01,2026-06-03,Shamrock Shakeยฎ,Sweets & Treats,2214.2,437,0.15,53,0.66,12.13,266.78,USD
2025-01-01,2026-06-03,Southern Style Sweet Tea,Beverages,2189.82,808,0.29,30,0.38,3.59,62.7,USD
2025-01-01,2026-06-03,Double Filet-O-Fishยฎ,Fish,2156.03,272,0.1,15,0.19,5.51,85.86,USD
2025-01-01,2026-06-03,Basket of Fries,Shareables,2142.62,298,0.11,6,0.08,2.01,33.62,USD
2025-01-01,2026-06-03,Sausage McMuffinยฎ Meal,Extra Value Meals,2123.58,258,0.09,12,0.15,4.65,33.51,USD
2025-01-01,2026-06-03,Ranch Snack Wrapยฎ,Chicken,2097.47,539,0.19,12,0.15,2.23,46.59,USD
2025-01-01,2026-06-03,Double Quarter Pounderยฎ with Cheese Meal,Most Popular,2089.62,147,0.05,3,0.04,2.04,24.14,USD
2025-01-01,2026-06-03,"Bacon, Egg & Cheese McGriddlesยฎ Meal",Combo Meals,2061.18,219,0.08,16,0.2,6.85,75.01,USD
2025-01-01,2026-06-03,Filet-O-Fishยฎ Meal,Fish,2020.08,180,0.06,10,0.13,5.56,42.09,USD
2025-01-01,2026-06-03,Double Quarter Pounderยฎ with Cheese Deluxe Meal,Combo Meals,2004.72,137,0.05,4,0.05,2.92,39.87,USD
2025-01-01,2026-06-03,40 pc. Chicken McNuggetsยฎ,McNuggets & Meals,1995.52,128,0.05,5,0.06,3.13,37.04,USD
2025-01-01,2026-06-03,6 pc. Chicken McNuggetsยฎ Meal,Extra Value Meals,1943.98,212,0.08,10,0.13,4.72,36.71,USD
2025-01-01,2026-06-03,Bacon Egg Cheese Biscuit,Individual Items,1912.93,378,0.13,6,0.08,1.59,22.32,USD
2025-01-01,2026-06-03,Bacon Egg Cheese Bagel,Individual Items,1879.41,296,0.1,7,0.09,2.36,39.37,USD
2025-01-01,2026-06-03,Sausage Biscuit,Individual Items,1876.35,484,0.17,7,0.09,1.45,28.84,USD
2025-01-01,2026-06-03,Diet Cokeยฎ,Beverages,1856.15,875,0.31,15,0.19,1.71,37.64,USD
2025-01-01,2026-06-03,Spicy McCrispyโข Meal,Combo Meals,1845.68,145,0.05,5,0.06,3.45,29.75,USD
2025-01-01,2026-06-03,4 Piece McCrispyโข Strips Meal,NEW: McCrispyโข Strips,1834.96,144,0.05,10,0.13,6.25,59.65,USD
2025-01-01,2026-06-03,Sausage Egg Cheese Bagel Meal,Extra Value Meals,1806.89,174,0.06,14,0.18,7.47,73.47,USD
2025-01-01,2026-06-03,Quarter Pounderยฎ with Cheese,Individual Items,1774.34,268,0.1,5,0.06,1.87,27.86,USD
2025-01-01,2026-06-03,Sausage McMuffinยฎ Meal,Combo Meals,1753.39,209,0.07,8,0.1,3.83,14.98,USD
2025-01-01,2026-06-03,Hamburger,Burgers,1736.78,625,0.22,6,0.08,0.96,15.29,USD
2025-01-01,2026-06-03,Hot 'N Spicy McChickenยฎ,Individual Items,1735.65,534,0.19,11,0.14,2.06,27.52,USD
2025-01-01,2026-06-03,"Steak, Egg & Cheese McMuffinยฎ Meal",Extra Value Meals,1706.07,173,0.06,12,0.15,6.94,48.14,USD
2025-01-01,2026-06-03,Family Breakfast Meal,Shareables,1694.67,84,0.03,3,0.04,3.57,25.64,USD
2025-01-01,2026-06-03,Double Filet-O-Fishยฎ Meal,Combo Meals,1666.37,131,0.05,13,0.16,9.92,95.15,USD
2025-01-01,2026-06-03,Deluxe McCrispyโข Meal,Chicken,1662.19,128,0.05,4,0.05,3.13,22.53,USD
2025-01-01,2026-06-03,Iced French Vanilla Coffee,McCafรฉยฎ Coffees,1654.88,434,0.15,7,0.09,1.61,16.99,USD
2025-01-01,2026-06-03,The Grinchโข Big Macยฎ Meal,Limited Time: The Grinchโข Meal,1653.0,111,0.04,6,0.08,5.41,59.22,USD
2025-01-01,2026-06-03,Caramel Sundae,Sweets & Treats,1642.34,430,0.15,52,0.65,12.09,189.29,USD
2025-01-01,2026-06-03,BIG ARCHโข,LimitedโฏTime: BIG ARCHโข,1641.33,150,0.05,7,0.09,4.67,37.13,USD
2025-01-01,2026-06-03,Bacon Egg Cheese Bagel,Sandwiches,1639.66,257,0.09,6,0.08,2.33,24.79,USD
2025-01-01,2026-06-03,Sausage,Hash Browns and Sides,1638.23,597,0.21,8,0.1,1.34,28.94,USD
2025-01-01,2026-06-03,Filet-O-Fishยฎ Meal,Meals,1631.2,146,0.05,6,0.08,4.11,34.57,USD
2025-01-01,2026-06-03,4 pc. Chicken McNuggetsยฎ,Chicken,1607.86,554,0.2,14,0.18,2.53,31.17,USD
2025-01-01,2026-06-03,Double Quarter Pounderยฎ with Cheese,Individual Items,1593.81,188,0.07,2,0.03,1.06,13.83,USD
2025-01-01,2026-06-03,Daily Doubleยฎ,Individual Items,1544.69,355,0.13,10,0.13,2.82,26.85,USD
2025-01-01,2026-06-03,6 pc. Chicken McNuggetsยฎ Happy Mealยฎ,A Minecraft Movie Happy Meal,1538.35,217,0.08,10,0.13,4.61,67.25,USD
2025-01-01,2026-06-03,Egg McMuffinยฎ,Sandwiches,1529.81,313,0.11,5,0.06,1.6,26.64,USD
2025-01-01,2026-06-03,Frozen Fantaยฎ Blue Raspberry,Beverages,1526.89,493,0.17,32,0.4,6.49,90.35,USD
2025-01-01,2026-06-03,Chicken McGriddlesยฎ,Sandwiches,1514.88,327,0.12,4,0.05,1.22,22.48,USD
2025-01-01,2026-06-03,Root Beer,Beverages,1513.07,723,0.26,8,0.1,1.11,9.04,USD
2025-01-01,2026-06-03,Sausage Egg Biscuit Meal,Combo Meals,1482.09,157,0.06,6,0.08,3.82,22.85,USD
2025-01-01,2026-06-03,Fantaยฎ Orange,Beverages,1481.03,707,0.25,9,0.11,1.27,20.03,USD
2025-01-01,2026-06-03,Egg McMuffinยฎ,Individual Items,1477.28,307,0.11,3,0.04,0.98,14.97,USD
2025-01-01,2026-06-03,Mango Pineapple Smoothie,Beverages,1464.71,342,0.12,14,0.18,4.09,50.39,USD
2025-01-01,2026-06-03,Hot Fudge Sundae,Sweets & Treats,1446.68,381,0.14,47,0.59,12.34,171.17,USD
2025-01-01,2026-06-03,McCrispyโข Meal,Extra Value Meals,1436.16,116,0.04,8,0.1,6.9,54.19,USD
2025-01-01,2026-06-03,2 Ranch Snack Wrapยฎ Meal,NEW: Snack Wrapยฎ,1390.82,116,0.04,4,0.05,3.45,10.59,USD
2025-01-01,2026-06-03,Krispy Kremeยฎ Original Glazedยฎ Doughnut,Krispy Kremeยฎ,1387.2,480,0.17,15,0.19,2.92,43.94,USD
2025-01-01,2026-06-03,Sausage McMuffinยฎ with Egg,Individual Items,1385.3,293,0.1,6,0.08,2.05,26.49,USD
2025-01-01,2026-06-03,Sausage & Egg McMuffinยฎ,Individual Items,1382.76,288,0.1,4,0.05,1.39,11.97,USD
2025-01-01,2026-06-03,Deluxe Spicy McCrispyโข,Chicken,1380.78,170,0.06,4,0.05,2.35,28.03,USD
2025-01-01,2026-06-03,Spicy Snack Wrapยฎ,Chicken,1376.55,359,0.13,4,0.05,1.11,12.85,USD
2025-01-01,2026-06-03,McRibยฎ,Limited Time: McRib,1375.35,218,0.08,13,0.16,5.96,67.63,USD
2025-01-01,2026-06-03,Double Bacon Quarter Pounderยฎ with Cheese Meal,Meals,1369.94,91,0.03,7,0.09,7.69,47.11,USD
2025-01-01,2026-06-03,Bacon Quarter Pounderยฎ with Cheese Meal,Combo Meals,1367.67,103,0.04,6,0.08,5.83,33.17,USD
2025-01-01,2026-06-03,Chicken McGriddlesยฎ Meal,Extra Value Meals,1359.17,150,0.05,2,0.03,1.33,15.71,USD
2025-01-01,2026-06-03,Bacon Egg Cheese Biscuit,Sandwiches,1344.29,270,0.1,2,0.03,0.74,5.14,USD
2025-01-01,2026-06-03,Bacon Egg Cheese Biscuit Meal,Extra Value Meals,1339.72,153,0.05,6,0.08,3.92,22.81,USD
2025-01-01,2026-06-03,Deluxe McCrispyโข Meal,Meals,1327.1,99,0.04,4,0.05,4.04,20.09,USD
2025-01-01,2026-06-03,Deluxe Spicy McCrispyโข Meal,Combo Meals,1322.46,99,0.04,4,0.05,4.04,24.95,USD
2025-01-01,2026-06-03,1 Cookie,Sweets & Treats,1310.09,681,0.24,16,0.2,2.35,26.17,USD
2025-01-01,2026-06-03,A Minecraft Movie 10 Piece McNuggetsยฎ Meal,A Minecraft Movie Meal,1304.5,90,0.03,6,0.08,6.67,29.78,USD
2025-01-01,2026-06-03,Oatmeal,Hash Browns and Sides,1297.31,360,0.13,16,0.2,4.44,33.05,USD
2025-01-01,2026-06-03,Plain Sundae,Sweets & Treats,1280.04,348,0.12,47,0.59,13.22,155.03,USD
2025-01-01,2026-06-03,McCrispyโข,Most Popular,1273.76,168,0.06,5,0.06,2.98,27.78,USD
2025-01-01,2026-06-03,4 Piece McCrispyโข Strips Meal,Most Popular,1269.1,100,0.04,3,0.04,3.0,17.11,USD
2025-01-01,2026-06-03,The Grinchโข 10 pc. Chicken McNuggetsยฎ Meal,Limited Time: The Grinchโข Meal,1264.73,87,0.03,6,0.08,4.6,31.0,USD
2025-01-01,2026-06-03,Sausage Egg Cheese Bagel,Individual Items,1247.61,200,0.07,7,0.09,3.5,31.77,USD
2025-01-01,2026-06-03,6 pc. Chicken McNuggetsยฎ Meal,Meals,1234.82,138,0.05,8,0.1,5.8,31.97,USD
2025-01-01,2026-06-03,Quarter Pounderยฎ with Cheese Deluxe Meal,Combo Meals,1204.94,99,0.04,1,0.01,1.01,2.66,USD
2025-01-01,2026-06-03,Bacon Egg Cheese Biscuit Meal,Combo Meals,1176.51,128,0.05,6,0.08,4.69,44.81,USD
2025-01-01,2026-06-03,Hot 'N Spicy McChickenยฎ,Chicken,1173.39,384,0.14,3,0.04,0.78,5.02,USD
2025-01-01,2026-06-03,Creamy Ranch Sauce,Condiments,1161.03,2977,1.06,58,0.73,1.95,33.72,USD
2025-01-01,2026-06-03,Steak & Egg McMuffinยฎ,Individual Items,1151.11,225,0.08,13,0.16,5.78,55.86,USD
2025-01-01,2026-06-03,40 pc. Chicken McNuggetsยฎ,Most Popular,1139.57,73,0.03,3,0.04,4.11,23.8,USD
2025-01-01,2026-06-03,Double Quarter Pounderยฎ with Cheese Deluxe Meal,Burgers,1126.71,77,0.03,2,0.03,2.6,17.97,USD
2025-01-01,2026-06-03,"Steak, Egg & Cheese McMuffinยฎ Meal",Combo Meals,1123.92,117,0.04,10,0.13,7.69,48.7,USD
2025-01-01,2026-06-03,Sausage McMuffinยฎ,Sandwiches,1123.27,312,0.11,3,0.04,0.96,12.6,USD
2025-01-01,2026-06-03,4 pc. Chicken McNuggetsยฎ,McNuggets & Meals,1122.85,395,0.14,12,0.15,3.04,28.64,USD
2025-01-01,2026-06-03,BIG ARCHโข Meal,Burgers,1107.54,70,0.02,5,0.06,7.14,27.62,USD
2025-01-01,2026-06-03,Sweet N Sour Dipping Sauce,Condiments,1090.05,2795,0.99,73,0.91,2.61,43.78,USD
2025-01-01,2026-06-03,Bacon Hot Honey McCrispyโข Meal,Limited Time: Hot Honey,1083.33,76,0.03,10,0.13,13.16,49.19,USD
2025-01-01,2026-06-03,Caramel Frappรฉ,McCafรฉยฎ,1075.76,195,0.07,5,0.06,2.56,18.35,USD
2025-01-01,2026-06-03,4 Piece McCrispyโข Strips Meal,Extra Value Meals,1065.56,84,0.03,0,0.0,0.0,0.0,USD
2025-01-01,2026-06-03,Deluxe Spicy McCrispyโข Meal,Meals,1064.82,79,0.03,5,0.06,6.33,43.6,USD
2025-01-01,2026-06-03,Spicy McCrispyโข,Chicken,1055.97,139,0.05,10,0.13,7.19,65.2,USD
2025-01-01,2026-06-03,McCrispyโข Meal,Combo Meals,1049.55,82,0.03,1,0.01,1.22,11.28,USD
2025-01-01,2026-06-03,Egg McMuffinยฎ Meal,Extra Value Meals,1044.45,114,0.04,5,0.06,4.39,19.27,USD
2025-01-01,2026-06-03,Deluxe McCrispyโข,Chicken,1036.44,127,0.05,3,0.04,2.36,16.02,USD
2025-01-01,2026-06-03,Chicken McGriddlesยฎ Meal,Combo Meals,1030.48,115,0.04,2,0.03,1.74,4.56,USD
2025-01-01,2026-06-03,Iced Mocha,McCafรฉยฎ Coffees,1026.88,227,0.08,12,0.15,5.29,39.08,USD
2025-01-01,2026-06-03,Sausage Egg Cheese Bagel Meal,Combo Meals,1023.58,102,0.04,2,0.03,1.96,10.93,USD
2025-01-01,2026-06-03,4 Piece McCrispyโข Strips,Chicken,990.26,134,0.05,3,0.04,2.24,14.03,USD
2025-01-01,2026-06-03,Premium Roast Coffee,McCafรฉยฎ Coffees,982.55,425,0.15,9,0.11,2.12,8.99,USD
2025-01-01,2026-06-03,4 Piece McCrispyโข Strips Meal,Chicken,959.24,76,0.03,2,0.03,2.63,12.91,USD
2025-01-01,2026-06-03,Double Filet-O-Fishยฎ,Individual Items,956.66,122,0.04,4,0.05,3.28,23.19,USD
2025-01-01,2026-06-03,Bacon Quarter Pounderยฎ with Cheese Meal,Meals,952.15,72,0.03,6,0.08,8.33,34.51,USD
2025-01-01,2026-06-03,Hamburger,Individual Items,949.62,361,0.13,8,0.1,2.22,18.28,USD
2025-01-01,2026-06-03,Deluxe McCrispyโข Meal,Combo Meals,946.51,71,0.03,4,0.05,5.63,32.1,USD
2025-01-01,2026-06-03,Minute Maidยฎ Orange Juice,McCafรฉยฎ Beverages,929.94,236,0.08,7,0.09,2.97,29.47,USD
2025-01-01,2026-06-03,McRibยฎ Meal,Limited Time: McRib,916.6,79,0.03,5,0.06,6.33,25.69,USD
2025-01-01,2026-06-03,HERSHEY'S Chocolate Chip Frappรฉ,McCafรฉยฎ Coffees,908.24,157,0.06,6,0.08,3.82,27.46,USD
2025-01-01,2026-06-03,Ranch Snack Wrapยฎ,NEW: Snack Wrapยฎ,908.02,231,0.08,4,0.05,1.73,22.68,USD
2025-01-01,2026-06-03,2 Half Strips Bacon,Hash Browns and Sides,905.37,423,0.15,16,0.2,3.31,31.64,USD
2025-01-01,2026-06-03,2 Spicy Snack Wrapยฎ Meal,Extra Value Meals,903.7,74,0.03,7,0.09,9.46,41.77,USD
2025-01-01,2026-06-03,Iced Caramel Macchiato,McCafรฉยฎ Coffees,885.18,183,0.06,14,0.18,7.65,53.91,USD
2025-01-01,2026-06-03,McCrispyโข Meal,Meals,884.44,69,0.02,2,0.03,2.9,12.76,USD
2025-01-01,2026-06-03,Tangy BBQ Dipping Sauce,Condiments,884.13,2267,0.8,42,0.53,1.81,19.16,USD
2025-01-01,2026-06-03,Sausage Egg McMuffinยฎ Meal,Most Popular,872.62,96,0.03,3,0.04,3.13,5.88,USD
2025-01-01,2026-06-03,Bacon McDoubleยฎ,Individual Items,864.17,171,0.06,2,0.03,1.17,10.13,USD
2025-01-01,2026-06-03,McChickenยฎ Biscuit,Individual Items,852.86,273,0.1,3,0.04,1.1,15.0,USD
2025-01-01,2026-06-03,Double Hamburger,Burgers,851.85,244,0.09,5,0.06,2.05,16.0,USD
2025-01-01,2026-06-03,A Minecraft Movie Big Macยฎ Meal,A Minecraft Movie Meal,847.94,58,0.02,2,0.03,3.45,18.19,USD
2025-01-01,2026-06-03,13 Cookie Tote,Sweets and Treats,837.86,114,0.04,4,0.05,3.51,25.09,USD
2025-01-01,2026-06-03,Double Quarter Pounderยฎ with Cheese Deluxe,Individual Items,815.5,86,0.03,3,0.04,3.49,23.75,USD
2025-01-01,2026-06-03,Double Filet-O-Fishยฎ Meal,Meals,794.34,63,0.02,4,0.05,6.35,18.83,USD
2025-01-01,2026-06-03,Bacon Quarter Pounderยฎ with Cheese Meal,Burgers,788.92,61,0.02,4,0.05,6.56,19.84,USD
2025-01-01,2026-06-03,Egg McMuffinยฎ Meal,Combo Meals,777.5,81,0.03,5,0.06,6.17,36.24,USD
2025-01-01,2026-06-03,2 Cookies,Sweets and Treats,773.82,228,0.08,8,0.1,3.51,18.36,USD
2025-01-01,2026-06-03,Big Macยฎ,Meals,766.91,126,0.04,1,0.01,0.79,5.15,USD
2025-01-01,2026-06-03,"Sausage, Egg and Cheese McGriddlesยฎ Meal",Most Popular,765.61,76,0.03,5,0.06,6.58,24.07,USD
2025-01-01,2026-06-03,Cokeยฎ,McCafรฉยฎ Beverages,763.39,361,0.13,4,0.05,1.11,7.5,USD
2025-01-01,2026-06-03,Quarter Pounderยฎ with Cheese Deluxe Meal,Meals,752.19,62,0.02,3,0.04,4.84,21.04,USD
2025-01-01,2026-06-03,McDonaldland Quarter Pounderยฎ with Cheese Meal ,The McDonaldland Meal,740.39,43,0.02,5,0.06,11.63,18.04,USD
2025-01-01,2026-06-03,4 Piece McCrispyโข Strips,NEW: McCrispyโข Strips,739.0,100,0.04,7,0.09,7.0,50.29,USD
2025-01-01,2026-06-03,Frozen Coca-Colaยฎ,Beverages,737.93,231,0.08,13,0.16,5.63,44.52,USD
2025-01-01,2026-06-03,Apple Pie,Sweets and Treats,735.57,243,0.09,8,0.1,3.29,15.54,USD
2025-01-01,2026-06-03,Spicy McCrispyโข Meal,Chicken,734.32,60,0.02,2,0.03,3.33,0.0,USD
2025-01-01,2026-06-03,3 Piece McCrispyโข Strips,Chicken,712.95,115,0.04,0,0.0,0.0,0.0,USD
2025-01-01,2026-06-03,Krispy Kremeยฎ Chocolate Iced Kreme Filled Doughnut,Krispy Kremeยฎ,695.42,218,0.08,12,0.15,5.5,41.14,USD
2025-01-01,2026-06-03,Deluxe McCrispyโข,Individual Items,692.23,85,0.03,3,0.04,3.53,34.54,USD
2025-01-01,2026-06-03,Scrambled Eggs,Hash Browns and Sides,688.38,272,0.1,3,0.04,1.1,8.53,USD
2025-01-01,2026-06-03,Hi-Cยฎ Orange,McCafรฉยฎ Beverages,684.71,329,0.12,5,0.06,1.52,9.4,USD
2025-01-01,2026-06-03,Strawberry & Crรจme Pie,Sweets and Treats,675.43,197,0.07,9,0.11,4.57,23.23,USD
2025-01-01,2026-06-03,Chocolate Milk,Beverages,668.33,357,0.13,15,0.19,4.2,32.18,USD
2025-01-01,2026-06-03,Spriteยฎ,McCafรฉยฎ Beverages,662.72,318,0.11,6,0.08,1.89,11.48,USD
2025-01-01,2026-06-03,Mt. McDonaldland Shake,Sweets & Treats,662.13,137,0.05,15,0.19,10.95,66.15,USD
2025-01-01,2026-06-03,Spicy Buffalo,Condiments,660.27,1693,0.6,52,0.65,2.95,28.71,USD
2025-01-01,2026-06-03,2 Mix & Match Snack Wrapยฎ Meal,NEW: Snack Wrapยฎ,654.36,55,0.02,0,0.0,0.0,0.0,USD
2025-01-01,2026-06-03,Steak & Egg McMuffinยฎ,Sandwiches,652.09,127,0.05,7,0.09,5.51,37.86,USD
2025-01-01,2026-06-03,Sausage Egg Biscuit,Sandwiches,642.6,116,0.04,0,0.0,0.0,0.0,USD
2025-01-01,2026-06-03,2 Ranch Snack Wrapยฎ Meal,Chicken,629.69,53,0.02,1,0.01,1.89,9.97,USD
2025-01-01,2026-06-03,Mocha Frappรฉ,McCafรฉยฎ,626.85,109,0.04,3,0.04,2.75,8.47,USD
2025-01-01,2026-06-03,Spicy McCrispyโข,Individual Items,618.17,82,0.03,2,0.03,2.44,12.61,USD
2025-01-01,2026-06-03,Deluxe Special Edition Gold McCrispyโข Meal,Limited Time: Special Edition Gold,616.4,41,0.01,2,0.03,4.88,18.73,USD
2025-01-01,2026-06-03,Bacon Quarter Pounderยฎ with Cheese,Burgers,612.46,77,0.03,3,0.04,3.9,10.19,USD
2025-01-01,2026-06-03,McDonaldland 10 Piece McNuggetsยฎ Meal,The McDonaldland Meal,597.13,37,0.01,4,0.05,10.81,25.3,USD
2025-01-01,2026-06-03,Krispy Kremeยฎ Chocolate Iced with Sprinkles Doughnut,Krispy Kremeยฎ,596.53,187,0.07,6,0.08,3.21,14.42,USD
2025-01-01,2026-06-03,Iced Caramel Latte,McCafรฉยฎ Coffees,595.95,128,0.05,3,0.04,2.34,10.01,USD
2025-01-01,2026-06-03,2 Mix & Match Snack Wrapยฎ Meal,Extra Value Meals,586.01,49,0.02,1,0.01,2.04,10.09,USD
2025-01-01,2026-06-03,2 Spicy Snack Wrapยฎ Meal,NEW: Snack Wrapยฎ,584.25,49,0.02,3,0.04,6.12,15.02,USD
2025-01-01,2026-06-03,Spriteยฎ Berry Blast,NEW: McCafรฉยฎ Specialty Drinks,578.06,130,0.05,5,0.06,3.85,19.29,USD
2025-01-01,2026-06-03,Hot Honey McCrispyโข Meal,Limited Time: Hot Honey,575.71,45,0.02,2,0.03,4.44,13.88,USD
2025-01-01,2026-06-03,Double Bacon Quarter Pounderยฎ with Cheese Meal,Burgers,570.1,38,0.01,2,0.03,5.26,6.25,USD
2025-01-01,2026-06-03,6 pc. Chicken McNuggetsยฎ Meal,Chicken,568.39,61,0.02,6,0.08,9.84,18.49,USD
2025-01-01,2026-06-03,Iced Coffee,McCafรฉยฎ Coffees,549.24,131,0.05,3,0.04,2.29,10.19,USD
2025-01-01,2026-06-03,3 Piece McCrispyโข Strips Meal,Most Popular,545.23,47,0.02,1,0.01,2.13,2.4,USD
2025-01-01,2026-06-03,HERSHEY'S S'mores McFlurryยฎ,Sweets & Treats,541.77,128,0.05,14,0.18,10.94,48.55,USD
2025-01-01,2026-06-03,McChickenยฎ Biscuit,Sandwiches,517.23,158,0.06,2,0.03,1.27,7.49,USD
2025-01-01,2026-06-03,Coca-Colaยฎ Zero Sugar,Beverages,514.26,244,0.09,5,0.06,2.05,9.32,USD
2025-01-01,2026-06-03,OREOยฎ Shamrock McFlurryยฎ,Sweets & Treats,492.46,126,0.04,38,0.48,30.16,119.43,USD
2025-01-01,2026-06-03,McCrispyโข,Individual Items,492.3,64,0.02,3,0.04,4.69,19.59,USD
2025-01-01,2026-06-03,Triple Cheeseburger Meal,Burgers,483.63,46,0.02,1,0.01,2.17,10.77,USD
2025-01-01,2026-06-03,Lemonade,Beverages,483.6,160,0.06,6,0.08,3.75,14.04,USD
2025-01-01,2026-06-03,Ranch Snack Wrapยฎ,Individual Items,483.08,124,0.04,4,0.05,3.23,19.91,USD
2025-01-01,2026-06-03,Sausage Egg Cheese Bagel,Sandwiches,482.76,78,0.03,1,0.01,1.28,5.26,USD
2025-01-01,2026-06-03,4 Piece McCrispyโข Strips Meal,Meals,480.12,38,0.01,1,0.01,2.63,10.29,USD
2025-01-01,2026-06-03,Spicy Snack Wrapยฎ,NEW: Snack Wrapยฎ,475.64,123,0.04,4,0.05,3.25,12.94,USD
2025-01-01,2026-06-03,Holiday Pie,Sweets & Treats,468.95,145,0.05,6,0.08,4.14,30.43,USD
2025-01-01,2026-06-03,3 Piece McCrispyโข Strips Meal,NEW: McCrispyโข Strips,466.69,41,0.01,4,0.05,9.76,28.1,USD
2025-01-01,2026-06-03,Shamrock Shakeยฎ,Most Popular,466.2,95,0.03,11,0.14,11.58,57.87,USD
2025-01-01,2026-06-03,Minute Maidยฎ Orange Juice,Drinks,464.2,120,0.04,3,0.04,2.5,15.46,USD
2025-01-01,2026-06-03,Deluxe Spicy McCrispyโข,Individual Items,458.23,57,0.02,2,0.03,3.51,13.3,USD
2025-01-01,2026-06-03,Blueberry & Creme Pie,Sweets & Treats,435.54,126,0.04,4,0.05,3.17,13.31,USD
2025-01-01,2026-06-03,Cokeยฎ,Drinks,428.77,203,0.07,4,0.05,1.48,7.55,USD
2025-01-01,2026-06-03,Triple Cheeseburger Meal,Extra Value Meals,425.78,40,0.01,3,0.04,7.5,22.62,USD
2025-01-01,2026-06-03,Premium Hot Chocolate,McCafรฉยฎ Coffees,425.64,104,0.04,7,0.09,6.73,23.37,USD
2025-01-01,2026-06-03,6 pc. Chicken McNuggetsยฎ,Meals,423.09,111,0.04,3,0.04,2.7,9.9,USD
2025-01-01,2026-06-03,Dr Pepperยฎ,McCafรฉยฎ Beverages,421.69,201,0.07,3,0.04,1.49,1.85,USD
2025-01-01,2026-06-03,Medium Frozen Spriteยฎ Lymonadeยฎ,Beverages,419.24,136,0.05,8,0.1,5.88,18.34,USD
2025-01-01,2026-06-03,Apple Slices,Hash Browns and Sides,418.24,306,0.11,8,0.1,2.61,13.1,USD
2025-01-01,2026-06-03,Apple Slices,Sides & More,415.06,304,0.11,8,0.1,2.63,10.55,USD
2025-01-01,2026-06-03,Strawberry Banana Smoothie,McCafรฉยฎ Beverages,414.38,97,0.03,2,0.03,2.06,8.48,USD
2025-01-01,2026-06-03,McCrispyโข Meal,Most Popular,413.82,33,0.01,2,0.03,6.06,15.16,USD
2025-01-01,2026-06-03,Bacon Buffalo Ranch Deluxe McCrispyโข Meal,Limited Time: Buffalo Ranch,410.99,28,0.01,1,0.01,3.57,3.76,USD
2025-01-01,2026-06-03,Quarter Pounderยฎ with Cheese Deluxe,Burgers,410.87,53,0.02,4,0.05,7.55,15.43,USD
2025-01-01,2026-06-03,Hamburger Happy Mealยฎ,A Minecraft Movie Happy Meal,408.05,65,0.02,4,0.05,6.15,26.56,USD
2025-01-01,2026-06-03,Pumpkin & Creme Pie,Sweets & Treats,407.21,129,0.05,7,0.09,5.43,19.95,USD
2025-01-01,2026-06-03,Iced French Vanilla Latte,McCafรฉยฎ Coffees,402.0,89,0.03,3,0.04,3.37,23.91,USD
2025-01-01,2026-06-03,Milk,Beverages,388.92,208,0.07,2,0.03,0.96,3.25,USD
2025-01-01,2026-06-03,Krispy Kremeยฎ ยฝ Dozen Variety Doughnuts,Krispy Kremeยฎ,388.56,24,0.01,1,0.01,4.17,13.75,USD
2025-01-01,2026-06-03,Deluxe Spicy McCrispyโข Meal,Chicken,388.46,30,0.01,1,0.01,3.33,11.16,USD
2025-01-01,2026-06-03,3 Piece McCrispyโข Strips,NEW: McCrispyโข Strips,386.28,62,0.02,2,0.03,3.23,6.93,USD
2025-01-01,2026-06-03,Bacon Quarter Pounderยฎ with Cheese,Individual Items,386.08,48,0.02,3,0.04,6.25,15.12,USD
2025-01-01,2026-06-03,McChickenยฎ Biscuit Meal,Extra Value Meals,383.32,50,0.02,3,0.04,6.0,18.27,USD
2025-01-01,2026-06-03,OREOยฎ McFlurryยฎ,Most Popular,380.68,105,0.04,5,0.06,4.76,16.74,USD
2025-01-01,2026-06-03,2 Ranch Snack Wrapยฎ Meal,Meals,365.33,31,0.01,4,0.05,12.9,15.26,USD
2025-01-01,2026-06-03,Quarter Pounderยฎ with Cheese Deluxe,Individual Items,358.8,48,0.02,2,0.03,4.17,6.28,USD
2025-01-01,2026-06-03,DASANIยฎ Bottled Water,Beverages,357.22,178,0.06,5,0.06,2.25,10.62,USD
2025-01-01,2026-06-03,Honest Kidsยฎ Organic Apple Juice Drink,Beverages,355.97,193,0.07,4,0.05,2.07,18.57,USD
2025-01-01,2026-06-03,Spicy Snack Wrapยฎ,Individual Items,346.55,91,0.03,2,0.03,2.2,6.47,USD
2025-01-01,2026-06-03,Mango Pineapple Refresher,NEW: McCafรฉยฎ Specialty Drinks,339.61,64,0.02,1,0.01,1.56,3.94,USD
2025-01-01,2026-06-03,Spriteยฎ,Drinks,333.9,160,0.06,1,0.01,0.63,1.8,USD
2025-01-01,2026-06-03,Hi-Cยฎ Orange,Drinks,326.34,156,0.06,1,0.01,0.64,1.6,USD
2025-01-01,2026-06-03,Bacon McDoubleยฎ Meal,Burgers,319.53,39,0.01,4,0.05,10.26,25.36,USD
2025-01-01,2026-06-03,Saja Boys Breakfast Meal,Limited Time: Saja Boys Breakfast Meal ,318.89,30,0.01,5,0.06,16.67,18.8,USD
2025-01-01,2026-06-03,BBQ Bacon QPC: The Angel Reese Special,BBQ Bacon QPC: Angel Reese Special,317.71,24,0.01,2,0.03,8.33,25.5,USD
2025-01-01,2026-06-03,Cokeยฎ,Most Popular,314.21,149,0.05,4,0.05,2.68,7.3,USD
2025-01-01,2026-06-03,"Sausage, Egg and Cheese McGriddlesยฎ Meal",Sandwiches,310.54,31,0.01,1,0.01,3.23,8.66,USD
2025-01-01,2026-06-03,Double Hamburger,Individual Items,304.49,84,0.03,5,0.06,5.95,12.72,USD
2025-01-01,2026-06-03,Bacon Hot Honey McCrispyโข,Limited Time: Hot Honey,298.62,32,0.01,0,0.0,0.0,0.0,USD
2025-01-01,2026-06-03,Syrup,Condiments,297.26,794,0.28,6,0.08,0.76,2.99,USD
2025-01-01,2026-06-03,BIG ARCHโข,Burgers,293.86,27,0.01,0,0.0,0.0,0.0,USD
2025-01-01,2026-06-03,Honey Mustard,Condiments,292.11,749,0.27,16,0.2,2.14,7.36,USD
2025-01-01,2026-06-03,Caramel Macchiato,McCafรฉยฎ Coffees,288.39,60,0.02,6,0.08,10.0,19.82,USD
2025-01-01,2026-06-03,4 pc. Chicken McNuggetยฎ Happy Mealยฎ,A Minecraft Movie Happy Meal,284.57,43,0.02,1,0.01,2.33,1.38,USD
2025-01-01,2026-06-03,3 Piece McCrispyโข Strips Meal,Chicken,277.66,24,0.01,1,0.01,4.17,12.14,USD
2025-01-01,2026-06-03,Hot Honey Snack Wrapยฎ,Limited Time: Hot Honey,277.64,72,0.03,0,0.0,0.0,0.0,USD
2025-01-01,2026-06-03,Quarter Pounderยฎ with Cheese Deluxe Meal,Burgers,277.4,22,0.01,0,0.0,0.0,0.0,USD
2025-01-01,2026-06-03,3 Half Strips Bacon,Sides & More,277.24,116,0.04,3,0.04,2.59,8.21,USD
2025-01-01,2026-06-03,McChickenยฎ Biscuit Meal,Combo Meals,275.5,37,0.01,1,0.01,2.7,8.73,USD
2025-01-01,2026-06-03,Egg Biscuit,Sandwiches,275.33,69,0.02,0,0.0,0.0,0.0,USD
2025-01-01,2026-06-03,Diet Cokeยฎ,McCafรฉยฎ Beverages,274.12,128,0.05,3,0.04,2.34,7.29,USD
2025-01-01,2026-06-03,Double Bacon Quarter Pounderยฎ with Cheese,Individual Items,273.11,28,0.01,2,0.03,7.14,10.43,USD
2025-01-01,2026-06-03,Double Quarter Pounderยฎ with Cheese Deluxe,Burgers,266.67,27,0.01,1,0.01,3.7,11.35,USD
2025-01-01,2026-06-03,Mocha,McCafรฉยฎ Coffees,263.98,61,0.02,10,0.13,16.39,32.95,USD
2025-01-01,2026-06-03,2 Hot Honey Snack Wrapยฎ Meal,Limited Time: Hot Honey,260.88,22,0.01,2,0.03,9.09,19.79,USD
2025-01-01,2026-06-03,Strawberry Banana Smoothie,Drinks,256.07,62,0.02,2,0.03,3.23,6.24,USD
2025-01-01,2026-06-03,CHIPS AHOY!ยฎ Frappรฉ,McCafรฉยฎ Coffees,253.95,43,0.02,3,0.04,6.98,10.39,USD
2025-01-01,2026-06-03,Krispy Kremeยฎ ยฝ Dozen Original Glazedยฎ Doughnuts,Krispy Kremeยฎ,253.13,17,0.01,2,0.03,11.76,25.3,USD
2025-01-01,2026-06-03,Vanilla Shake,Sweets and Treats,251.74,55,0.02,7,0.09,12.73,34.05,USD
2025-01-01,2026-06-03,Southern Style Sweet Tea Lemonade,Beverages,236.63,77,0.03,3,0.04,3.9,3.3,USD
2025-01-01,2026-06-03,A Minecraft Movie 10 Piece McNuggetsยฎ Meal,McNuggets & Meals,232.34,16,0.01,2,0.03,12.5,24.16,USD
2025-01-01,2026-06-03,Filet-O-Fishยฎ,Meals,228.64,38,0.01,1,0.01,2.63,4.89,USD
2025-01-01,2026-06-03,Deluxe Special Edition Gold McCrispyโข,Limited Time: Special Edition Gold,225.25,23,0.01,2,0.03,8.7,8.46,USD
2025-01-01,2026-06-03,3 Piece McCrispyโข Strips,Individual Items,223.74,36,0.01,0,0.0,0.0,0.0,USD
2025-01-01,2026-06-03,Strawberry Watermelon Refresher,NEW: McCafรฉยฎ Specialty Drinks,223.46,44,0.02,0,0.0,0.0,0.0,USD
2025-01-01,2026-06-03,Triple Cheeseburger,Meals,223.45,41,0.01,0,0.0,0.0,0.0,USD
2025-01-01,2026-06-03,4 Piece McCrispyโข Strips,Individual Items,221.7,30,0.01,1,0.01,3.33,12.7,USD
2025-01-01,2026-06-03,Bacon Egg Cheese Biscuit Meal,Most Popular,215.36,23,0.01,0,0.0,0.0,0.0,USD
2025-01-01,2026-06-03,Southern Style Sweet Tea,McCafรฉยฎ Beverages,212.65,75,0.03,0,0.0,0.0,0.0,USD
2025-01-01,2026-06-03,Derpy McFlurryยฎ,Limited Time: Theย HUNTRโX Meal,211.18,44,0.02,3,0.04,6.82,12.55,USD
2025-01-01,2026-06-03,Frozen Fantaยฎ Blue Raspberry,McCafรฉยฎ Beverages,210.63,67,0.02,3,0.04,4.48,8.21,USD
2025-01-01,2026-06-03,BBQ Bacon QPC: The Angel Reese Special Double,Combo Meals,207.86,14,0.01,0,0.0,0.0,0.0,USD
2025-01-01,2026-06-03,Bacon Hot Honey McCrispyโข Meal,Chicken,206.33,15,0.01,0,0.0,0.0,0.0,USD
2025-01-01,2026-06-03,BBQ Bacon QPC: The Angel Reese Special Double,BBQ Bacon QPC: Angel Reese Special,199.65,13,0.0,0,0.0,0.0,0.0,USD
2025-01-01,2026-06-03,Bacon Buffalo Ranch Deluxe McCrispyโข Meal,Chicken,197.73,14,0.01,1,0.01,7.14,2.81,USD
2025-01-01,2026-06-03,Iced Sugar Free Vanilla Coffee,McCafรฉยฎ Coffees,194.11,51,0.02,1,0.01,1.96,3.18,USD
2025-01-01,2026-06-03,2 Sausage Burrito Meal,Sandwiches,192.78,22,0.01,1,0.01,4.55,7.06,USD
2025-01-01,2026-06-03,Unsweetened Iced Tea,Beverages,190.51,69,0.02,0,0.0,0.0,0.0,USD
2025-01-01,2026-06-03,Strawberry Shake,Sweets and Treats,188.45,41,0.01,4,0.05,9.76,15.32,USD
2025-01-01,2026-06-03,Mango Pineapple Smoothie,McCafรฉยฎ Beverages,184.48,40,0.01,2,0.03,5.0,6.95,USD
2025-01-01,2026-06-03,Diet Cokeยฎ,Drinks,181.85,85,0.03,0,0.0,0.0,0.0,USD
2025-01-01,2026-06-03,Spicy Egg McMuffinยฎ,Limited Time: Spicy McMuffinยฎ,181.65,35,0.01,0,0.0,0.0,0.0,USD
2025-01-01,2026-06-03,The Angel Reese Special - Double,Limited Time: Angel Reese Special - QPC,180.37,12,0.0,0,0.0,0.0,0.0,USD
2025-01-01,2026-06-03,Fantaยฎ Orange,McCafรฉยฎ Beverages,179.15,85,0.03,0,0.0,0.0,0.0,USD
2025-01-01,2026-06-03,Deluxe Special Edition Gold McCrispyโข Meal,Most Popular,176.53,12,0.0,2,0.03,16.67,6.35,USD
2025-01-01,2026-06-03,2 Spicy Snack Wrapยฎ Meal,Meals,176.26,14,0.01,1,0.01,7.14,3.23,USD
2025-01-01,2026-06-03,Buffalo Ranch Snack Wrapยฎ,Limited Time: Buffalo Ranch,175.87,45,0.02,0,0.0,0.0,0.0,USD
2025-01-01,2026-06-03,Hot Mustard Dipping Sauce,Condiments,175.11,449,0.16,14,0.18,3.12,8.97,USD
2025-01-01,2026-06-03,Dr Pepperยฎ,Drinks,174.16,84,0.03,1,0.01,1.19,1.69,USD
2025-01-01,2026-06-03,Spicy Saja McMuffinยฎ with Egg,Limited Time: Saja Boys Breakfast Meal ,173.75,41,0.01,0,0.0,0.0,0.0,USD
2025-01-01,2026-06-03,Ramyeon McShaker Fries,Limited Time: Theย HUNTRโX Meal,172.87,33,0.01,6,0.08,18.18,21.52,USD
2025-01-01,2026-06-03,Chocolate Shake,Sweets and Treats,172.42,38,0.01,4,0.05,10.53,15.6,USD
2025-01-01,2026-06-03,Dirty Dr Pepperยฎ,NEW: McCafรฉยฎ Specialty Drinks,171.41,39,0.01,1,0.01,2.56,3.75,USD
2025-01-01,2026-06-03,Hot Honey McCrispyโข,Limited Time: Hot Honey,171.15,21,0.01,1,0.01,4.76,6.9,USD
2025-01-01,2026-06-03,Southern Style Sweet Tea,Drinks,170.49,61,0.02,2,0.03,3.28,5.11,USD
2025-01-01,2026-06-03,Double Bacon Quarter Pounderยฎ with Cheese,Burgers,167.72,17,0.01,0,0.0,0.0,0.0,USD
2025-01-01,2026-06-03,1 Cookie,Sweets and Treats,165.82,88,0.03,0,0.0,0.0,0.0,USD
2025-01-01,2026-06-03,4 Piece McCrispyโข Strips Meal,Limited Time: Buffalo Ranch,164.47,13,0.0,0,0.0,0.0,0.0,USD
2025-01-01,2026-06-03,Root Beer,McCafรฉยฎ Beverages,162.73,77,0.03,2,0.03,2.6,3.7,USD
2025-01-01,2026-06-03,Iced Peppermint Mocha,McCafรฉยฎ Coffees,162.6,38,0.01,5,0.06,13.16,13.99,USD
2025-01-01,2026-06-03,Steak Egg Cheese Bagel Meal,Sandwiches,161.94,15,0.01,0,0.0,0.0,0.0,USD
2025-01-01,2026-06-03,The Angel Reese Special,Limited Time: Angel Reese Special - QPC,158.36,12,0.0,0,0.0,0.0,0.0,USD
2025-01-01,2026-06-03,4 Piece McCrispyโข Strips Meal,Limited Time: Special Edition Gold,158.28,12,0.0,1,0.01,8.33,10.6,USD
2025-01-01,2026-06-03,2 Spicy Snack Wrapยฎ Meal,Chicken,156.95,13,0.0,0,0.0,0.0,0.0,USD
2025-01-01,2026-06-03,Bacon Buffalo Ranch McCrispyโข Meal,Limited Time: Buffalo Ranch,156.46,11,0.0,1,0.01,9.09,3.5,USD
2025-01-01,2026-06-03,Blackberry Passion Fruit Refresher,NEW: McCafรฉยฎ Specialty Drinks,155.79,31,0.01,0,0.0,0.0,0.0,USD
2025-01-01,2026-06-03,Blueberry & Creme Pie,Sweets and Treats,150.77,43,0.02,4,0.05,9.3,14.2,USD
2025-01-01,2026-06-03,"Steak, Egg & Cheese McMuffinยฎ Meal",Sandwiches,150.15,15,0.01,1,0.01,6.67,8.66,USD
2025-01-01,2026-06-03,A Minecraft Movie Big Macยฎ Meal,Combo Meals,149.18,10,0.0,0,0.0,0.0,0.0,USD
2025-01-01,2026-06-03,Bacon Buffalo Ranch Deluxe McCrispyโข,Limited Time: Buffalo Ranch,144.41,15,0.01,0,0.0,0.0,0.0,USD
2025-01-01,2026-06-03,Special Edition Gold Snack Wrapยฎ,Limited Time: Special Edition Gold,144.02,38,0.01,1,0.01,2.63,3.31,USD
2025-01-01,2026-06-03,Orange Dream,NEW: McCafรฉยฎ Specialty Drinks,143.96,32,0.01,0,0.0,0.0,0.0,USD
2025-01-01,2026-06-03,Honey Packet,Condiments,139.62,358,0.13,11,0.14,3.07,7.04,USD
2025-01-01,2026-06-03,Hot Honey Snack Wrapยฎ and Ranch Snack Wrapยฎ Meal,Limited Time: Hot Honey,139.56,12,0.0,1,0.01,8.33,1.05,USD
2025-01-01,2026-06-03,Deluxe Special Edition Gold McCrispyโข,Most Popular,139.54,14,0.01,1,0.01,7.14,4.24,USD
2025-01-01,2026-06-03,The Grinchโข McShaker Fries,Limited Time: The Grinchโข Meal,139.42,28,0.01,5,0.06,17.86,17.9,USD
2025-01-01,2026-06-03,Derpy McFlurryยฎ,Sweets & Treats,137.78,28,0.01,1,0.01,3.57,4.75,USD
2025-01-01,2026-06-03,Mango Pineapple Smoothie,Drinks,136.66,29,0.01,0,0.0,0.0,0.0,USD
2025-01-01,2026-06-03,Egg Biscuit,Individual Items,136.14,35,0.01,4,0.05,8.57,9.4,USD
2025-01-01,2026-06-03,Cheeseburger,Meals,133.89,41,0.01,3,0.04,7.32,11.12,USD
2025-01-01,2026-06-03,Krispy Kremeยฎ Original Glazedยฎ Doughnut,Sweets & Treats,132.94,46,0.02,0,0.0,0.0,0.0,USD
2025-01-01,2026-06-03,Apple & Holiday Pie,Sweets & Treats,132.65,35,0.01,1,0.01,2.86,3.17,USD
2025-01-01,2026-06-03,3 Piece McCrispyโข Strips Meal,Meals,131.88,12,0.0,0,0.0,0.0,0.0,USD
2025-01-01,2026-06-03,French Vanilla Latte,McCafรฉยฎ Coffees,130.14,29,0.01,0,0.0,0.0,0.0,USD
2025-01-01,2026-06-03,A Minecraft Movie 10 Piece McNuggetsยฎ Meal,Most Popular,128.61,9,0.0,1,0.01,11.11,12.39,USD
2025-01-01,2026-06-03,Apple & Holiday Pie,Sweets and Treats,125.07,33,0.01,2,0.03,6.06,6.42,USD
2025-01-01,2026-06-03,Bacon McDoubleยฎ Meal,Extra Value Meals,125.04,16,0.01,0,0.0,0.0,0.0,USD
2025-01-01,2026-06-03,"Bacon, Egg & Cheese McGriddlesยฎ Meal",Sandwiches,122.16,13,0.0,0,0.0,0.0,0.0,USD
2025-01-01,2026-06-03,OREOยฎ McFlurryยฎ,Sweets and Treats,119.55,31,0.01,5,0.06,16.13,19.64,USD
2025-01-01,2026-06-03,Double BBQ Bacon Quarter Pounderยฎ with Cheese,BBQ Bacon QPC: Angel Reese Special,118.25,12,0.0,0,0.0,0.0,0.0,USD
2025-01-01,2026-06-03,McDonaldland 10 Piece McNuggetsยฎ Meal,Most Popular,113.63,7,0.0,0,0.0,0.0,0.0,USD
2025-01-01,2026-06-03,Iced Latte,McCafรฉยฎ Coffees,112.15,25,0.01,2,0.03,8.0,7.36,USD
2025-01-01,2026-06-03,Americano,McCafรฉยฎ Coffees,111.89,25,0.01,2,0.03,8.0,7.48,USD
2025-01-01,2026-06-03,2 Mix & Match Snack Wrapยฎ Meal,Meals,109.57,9,0.0,0,0.0,0.0,0.0,USD
2025-01-01,2026-06-03,McRibยฎ Meal,Extra Value Meals,109.3,10,0.0,0,0.0,0.0,0.0,USD
2025-01-01,2026-06-03,2 Mix & Match Snack Wrapยฎ Meal,Chicken,105.71,9,0.0,0,0.0,0.0,0.0,USD
2025-01-01,2026-06-03,Special Edition Gold Snack Wrapยฎ & Spicy Snack Wrapยฎ Meal,Limited Time: Special Edition Gold,104.9,9,0.0,1,0.01,11.11,11.61,USD
2025-01-01,2026-06-03,Double Bacon Quarter Pounderยฎ with Cheese Meal,Extra Value Meals,104.22,7,0.0,1,0.01,14.29,13.07,USD
2025-01-01,2026-06-03,Decaf Coffee,McCafรฉยฎ Coffees,102.7,46,0.02,0,0.0,0.0,0.0,USD
2025-01-01,2026-06-03,Ramyeon McShaker Fries,Fries,102.7,20,0.01,5,0.06,25.0,21.6,USD
2025-01-01,2026-06-03,Bacon Buffalo Ranch McCrispyโข,Chicken,99.87,11,0.0,2,0.03,18.18,15.44,USD
2025-01-01,2026-06-03,Biscuit,Sandwiches,99.45,55,0.02,0,0.0,0.0,0.0,USD
2025-01-01,2026-06-03,Sausage Egg McMuffinยฎ Meal,Sandwiches,98.98,12,0.0,1,0.01,8.33,1.8,USD
2025-01-01,2026-06-03,Spriteยฎ Berry Blast,McCafรฉยฎ Beverages,98.27,23,0.01,2,0.03,8.7,3.7,USD
2025-01-01,2026-06-03,The Angel Reese Special - Double,Limited Time: Angel Reese Special,97.13,6,0.0,2,0.03,33.33,19.62,USD
2025-01-01,2026-06-03,Iced Vanilla Coffee,McCafรฉยฎ Coffees,96.79,23,0.01,1,0.01,4.35,0.85,USD
2025-01-01,2026-06-03,Spicy Sausage McMuffinยฎ,Limited Time: Spicy McMuffinยฎ,96.74,24,0.01,0,0.0,0.0,0.0,USD
2025-01-01,2026-06-03,Hot Honey Snack Wrapยฎ and Spicy Snack Wrapยฎ Meal,Limited Time: Hot Honey,96.62,8,0.0,3,0.04,37.5,15.18,USD
2025-01-01,2026-06-03,Milk,Drinks,96.29,51,0.02,0,0.0,0.0,0.0,USD
2025-01-01,2026-06-03,4 Piece McCrispyโข Strips,Limited Time: Buffalo Ranch,96.07,13,0.0,1,0.01,7.69,3.11,USD
2025-01-01,2026-06-03,Chocolate Milk,McCafรฉยฎ Beverages,95.19,51,0.02,1,0.01,1.96,1.57,USD
2025-01-01,2026-06-03,Caramel Sundae,Sweets and Treats,95.15,26,0.01,5,0.06,19.23,16.33,USD
2025-01-01,2026-06-03,Frozen Coca-Colaยฎ,McCafรฉยฎ Beverages,95.12,30,0.01,0,0.0,0.0,0.0,USD
2025-01-01,2026-06-03,Frozen Fantaยฎ Blue Raspberry,Drinks,94.54,30,0.01,1,0.01,3.33,2.53,USD
2025-01-01,2026-06-03,Quarter Pounderยฎ with Cheese,Meals,94.35,15,0.01,0,0.0,0.0,0.0,USD
2025-01-01,2026-06-03,Root Beer,Drinks,93.96,44,0.02,0,0.0,0.0,0.0,USD
2025-01-01,2026-06-03,Vanilla Cappuccino,McCafรฉยฎ Coffees,92.03,21,0.01,2,0.03,9.52,0.82,USD
2025-01-01,2026-06-03,Caramel Latte,McCafรฉยฎ Coffees,88.06,20,0.01,0,0.0,0.0,0.0,USD
2025-01-01,2026-06-03,Bacon Buffalo Ranch McCrispyโข Meal,Most Popular,87.32,6,0.0,2,0.03,33.33,14.77,USD
2025-01-01,2026-06-03,2 Buffalo Ranch Snack Wrapยฎ Meal,Limited Time: Buffalo Ranch,86.41,7,0.0,0,0.0,0.0,0.0,USD
2025-01-01,2026-06-03,Fantaยฎ Orange,Drinks,85.4,40,0.01,0,0.0,0.0,0.0,USD
2025-01-01,2026-06-03,McDonaldland Quarter Pounderยฎ with Cheese Meal ,Meals,84.81,5,0.0,0,0.0,0.0,0.0,USD
2025-01-01,2026-06-03,Iced Coffee,Most Popular,84.54,21,0.01,0,0.0,0.0,0.0,USD
2025-01-01,2026-06-03,Pumpkin & Creme Pie,Sweets and Treats,83.72,28,0.01,3,0.04,10.71,8.03,USD
2025-01-01,2026-06-03,Round Egg,Hash Browns and Sides,82.79,31,0.01,1,0.01,3.23,2.45,USD
2025-01-01,2026-06-03,Iced Caramel Macchiato,McCafรฉยฎ,82.53,16,0.01,2,0.03,12.5,9.45,USD
2025-01-01,2026-06-03,Caramel Cappuccino,McCafรฉยฎ Coffees,81.77,20,0.01,1,0.01,5.0,2.16,USD
2025-01-01,2026-06-03,Premium Roast Coffee,McCafรฉยฎ,81.66,32,0.01,1,0.01,3.13,0.81,USD
2025-01-01,2026-06-03,Spriteยฎ Berry Blast,Drinks,81.22,18,0.01,0,0.0,0.0,0.0,USD
2025-01-01,2026-06-03,Shamrock Shakeยฎ,Sweets and Treats,81.12,17,0.01,1,0.01,5.88,4.5,USD
2025-01-01,2026-06-03,Iced Caramel Coffee,McCafรฉยฎ,80.29,18,0.01,1,0.01,5.56,4.3,USD
2025-01-01,2026-06-03,Deluxe Spicy McCrispyโข,Meals,80.24,9,0.0,0,0.0,0.0,0.0,USD
2025-01-01,2026-06-03,McDonaldland 10 Piece McNuggetsยฎ Meal,Meals,80.05,5,0.0,1,0.01,20.0,3.29,USD
2025-01-01,2026-06-03,Spicy Sausage McMuffinยฎ with Egg ,Limited Time: Spicy McMuffinยฎ,79.84,16,0.01,1,0.01,6.25,4.36,USD
2025-01-01,2026-06-03,Iced Vanilla Coffee,McCafรฉยฎ,79.29,20,0.01,0,0.0,0.0,0.0,USD
2025-01-01,2026-06-03,M&Mยฎ McFlurryยฎ,Sweets and Treats,78.74,19,0.01,3,0.04,15.79,10.5,USD
2025-01-01,2026-06-03,Iced Caramel Latte,McCafรฉยฎ,78.35,18,0.01,1,0.01,5.56,0.89,USD
2025-01-01,2026-06-03,Holiday Pie,Sweets and Treats,77.74,26,0.01,0,0.0,0.0,0.0,USD
2025-01-01,2026-06-03,Double BBQ Bacon Quarter Pounderยฎ with Cheese,Limited Time: Angel Reese Special - QPC,77.52,8,0.0,1,0.01,12.5,2.12,USD
2025-01-01,2026-06-03,Double Quarter Pounderยฎ with Cheese Deluxe,Meals,76.48,8,0.0,0,0.0,0.0,0.0,USD
2025-01-01,2026-06-03,Sausage Egg Biscuit Meal,Sandwiches,76.45,7,0.0,0,0.0,0.0,0.0,USD
2025-01-01,2026-06-03,2 Special Edition Gold Snack Wrapยฎ Meal,Limited Time: Special Edition Gold,75.92,6,0.0,0,0.0,0.0,0.0,USD
2025-01-01,2026-06-03,Special Edition Gold McCrispyโข Meal,Limited Time: Special Edition Gold,75.42,5,0.0,0,0.0,0.0,0.0,USD
2025-01-01,2026-06-03,Chicken McGriddlesยฎ Meal,Sandwiches,73.92,8,0.0,1,0.01,12.5,1.95,USD
2025-01-01,2026-06-03,The Angel Reese Special - Double,Combo Meals,73.45,5,0.0,1,0.01,20.0,12.56,USD
2025-01-01,2026-06-03,Special Edition Gold Snack Wrapยฎ,Chicken,73.19,19,0.01,0,0.0,0.0,0.0,USD
2025-01-01,2026-06-03,Creamy Chili McCrispyโข Strip Dip,Condiments,72.54,186,0.07,9,0.11,4.84,3.98,USD
2025-01-01,2026-06-03,Sausage Egg Cheese Bagel Meal,Sandwiches,72.32,7,0.0,0,0.0,0.0,0.0,USD
2025-01-01,2026-06-03,Hot Honey Snack Wrapยฎ,Chicken,72.01,19,0.01,0,0.0,0.0,0.0,USD
2025-01-01,2026-06-03,"Steak, Egg & Cheese McMuffinยฎ Meal",Individual Items,71.83,13,0.0,1,0.01,7.69,4.24,USD
2025-01-01,2026-06-03,Bacon Buffalo Ranch McCrispyโข Meal,Chicken,71.65,5,0.0,0,0.0,0.0,0.0,USD
2025-01-01,2026-06-03,Deluxe Special Edition Gold McCrispyโข Meal,Chicken,71.65,5,0.0,1,0.01,20.0,3.12,USD
2025-01-01,2026-06-03,Iced Pumpkin Coffee,McCafรฉยฎ Coffees,70.86,19,0.01,3,0.04,15.79,9.17,USD
2025-01-01,2026-06-03,Buffalo Ranch Snack Wrapยฎ,Chicken,68.22,18,0.01,0,0.0,0.0,0.0,USD
2025-01-01,2026-06-03,Medium Frozen Spriteยฎ Lymonadeยฎ,McCafรฉยฎ Beverages,68.18,22,0.01,2,0.03,9.09,5.39,USD
2025-01-01,2026-06-03,The HUNTRโX Meal,Most Popular,68.15,5,0.0,1,0.01,20.0,3.01,USD
2025-01-01,2026-06-03,3 Piece McCrispyโข Strips Meal,Extra Value Meals,68.04,6,0.0,0,0.0,0.0,0.0,USD
2025-01-01,2026-06-03,Hot Honey Sausage Egg Biscuit,Limited Time: Hot Honey,67.45,13,0.0,1,0.01,7.69,1.68,USD
2025-01-01,2026-06-03,Bacon Egg Cheese Bagel Meal,Sandwiches,66.79,6,0.0,0,0.0,0.0,0.0,USD
2025-01-01,2026-06-03,Mango Pineapple Refresher,McCafรฉยฎ Beverages,66.07,13,0.0,0,0.0,0.0,0.0,USD
2025-01-01,2026-06-03,Double Quarter Pounderยฎ with Cheese,Meals,65.9,8,0.0,0,0.0,0.0,0.0,USD
2025-01-01,2026-06-03,Bacon Buffalo Ranch McCrispyโข,Limited Time: Buffalo Ranch,65.33,7,0.0,0,0.0,0.0,0.0,USD
2025-01-01,2026-06-03,Krispy Kremeยฎ Chocolate Iced Kreme Filled Doughnut,Sweets & Treats,63.8,20,0.01,0,0.0,0.0,0.0,USD
2025-01-01,2026-06-03,Steak Biscuit,Individual Items,63.52,17,0.01,0,0.0,0.0,0.0,USD
2025-01-01,2026-06-03,Frozen Coca-Colaยฎ,Drinks,63.3,20,0.01,1,0.01,5.0,2.48,USD
2025-01-01,2026-06-03,Special Edition Gold Snack Wrapยฎ & Ranch Snack Wrapยฎ Meal,Limited Time: Special Edition Gold,62.85,5,0.0,0,0.0,0.0,0.0,USD
2025-01-01,2026-06-03,Bacon Egg Cheese Biscuit Meal,Sandwiches,62.82,7,0.0,0,0.0,0.0,0.0,USD
2025-01-01,2026-06-03,Buffalo Ranch Snack Wrapยฎ & Ranch Snack Wrapยฎ Meal,Limited Time: Buffalo Ranch,61.75,5,0.0,1,0.01,20.0,3.01,USD
2025-01-01,2026-06-03,Strawberry Watermelon Refresher,McCafรฉยฎ Beverages,59.88,12,0.0,0,0.0,0.0,0.0,USD
2025-01-01,2026-06-03,Spicy Egg McMuffinยฎ Meal,Combo Meals,59.63,6,0.0,0,0.0,0.0,0.0,USD
2025-01-01,2026-06-03,Special Edition Gold Snack Wrapยฎ & Ranch Snack Wrapยฎ Meal,Chicken,59.25,5,0.0,2,0.03,20.0,8.06,USD
2025-01-01,2026-06-03,Coca-Colaยฎ Zero Sugar,McCafรฉยฎ Beverages,58.72,28,0.01,0,0.0,0.0,0.0,USD
2025-01-01,2026-06-03,1 of 6 McDonaldland Collectible ,Sides & More,58.0,29,0.01,4,0.05,13.79,6.81,USD
2025-01-01,2026-06-03,Krispy Kremeยฎ Chocolate Iced with Sprinkles Doughnut,Sweets & Treats,57.42,18,0.01,2,0.03,11.11,5.53,USD
2025-01-01,2026-06-03,Buffalo Ranch Snack Wrapยฎ & Spicy Snack Wrapยฎ Meal,Limited Time: Buffalo Ranch,57.05,5,0.0,1,0.01,20.0,2.37,USD
2025-01-01,2026-06-03,Bacon Buffalo Ranch Deluxe McCrispyโข,Chicken,56.74,6,0.0,0,0.0,0.0,0.0,USD
2025-01-01,2026-06-03,Pumpkin Latte,McCafรฉยฎ Coffees,56.34,13,0.0,2,0.03,15.38,6.26,USD
2025-01-01,2026-06-03,BBQ Bacon Quarter Pounderยฎ with Cheese,Limited Time: Angel Reese Special - QPC,55.93,7,0.0,0,0.0,0.0,0.0,USD
2025-01-01,2026-06-03,BBQ Bacon QPC: The Angel Reese Special,Combo Meals,55.05,4,0.0,0,0.0,0.0,0.0,USD
2025-01-01,2026-06-03,HERSHEY'S S'mores McFlurryยฎ,Sweets and Treats,54.06,12,0.0,2,0.03,16.67,8.48,USD
2025-01-01,2026-06-03,Bacon McDoubleยฎ,Meals,53.99,11,0.0,0,0.0,0.0,0.0,USD
2025-01-01,2026-06-03,Steak Biscuit Meal,Combo Meals,53.9,5,0.0,0,0.0,0.0,0.0,USD
2025-01-01,2026-06-03,Hot 'N Spicy McChickenยฎ Meal,Combo Meals,53.73,6,0.0,0,0.0,0.0,0.0,USD
2025-01-01,2026-06-03,The Grinchโข McShaker Fries,Fries,53.3,10,0.0,1,0.01,10.0,2.45,USD
2025-01-01,2026-06-03,Spicy Sausage McMuffinยฎ Meal,Limited Time: Spicy McMuffinยฎ,52.34,6,0.0,0,0.0,0.0,0.0,USD
2025-01-01,2026-06-03,4 Piece McCrispyโข Strips,Limited Time: Special Edition Gold,51.73,7,0.0,0,0.0,0.0,0.0,USD
2025-01-01,2026-06-03,Unsweetened Tea Lemonade,Beverages,49.74,16,0.01,2,0.03,12.5,3.41,USD
2025-01-01,2026-06-03,Double Filet-O-Fishยฎ,Meals,49.29,6,0.0,0,0.0,0.0,0.0,USD
2025-01-01,2026-06-03,Plain Sundae,Sweets and Treats,49.11,13,0.0,2,0.03,15.38,7.46,USD
2025-01-01,2026-06-03,Double BBQ Bacon Quarter Pounderยฎ with Cheese,Limited Time: Angel Reese Special,48.45,5,0.0,0,0.0,0.0,0.0,USD
2025-01-01,2026-06-03,Iced Coffee,McCafรฉยฎ,48.42,12,0.0,1,0.01,8.33,2.74,USD
2025-01-01,2026-06-03,Spicy Sausage McMuffinยฎ with Egg Meal,Combo Meals,47.05,5,0.0,0,0.0,0.0,0.0,USD
2025-01-01,2026-06-03,Biscuit,Individual Items,46.57,23,0.01,2,0.03,8.7,3.79,USD
2025-01-01,2026-06-03,McChickenยฎ Biscuit Meal,Sandwiches,46.12,6,0.0,0,0.0,0.0,0.0,USD
2025-01-01,2026-06-03,Quarter Pounderยฎ with Cheese Deluxe,Meals,46.11,6,0.0,0,0.0,0.0,0.0,USD
2025-01-01,2026-06-03,Hot Fudge Sundae,Sweets and Treats,45.97,12,0.0,3,0.04,25.0,10.8,USD
2025-01-01,2026-06-03,Dulce de Leche Frappรฉ,McCafรฉยฎ Coffees,45.92,8,0.0,0,0.0,0.0,0.0,USD
2025-01-01,2026-06-03,Special Edition Gold McCrispyโข Meal,Most Popular,45.66,3,0.0,0,0.0,0.0,0.0,USD
2025-01-01,2026-06-03,3 Piece McCrispyโข Strips Meal,Limited Time: Special Edition Gold,45.26,4,0.0,0,0.0,0.0,0.0,USD
2025-01-01,2026-06-03,Special Edition Gold McCrispyโข,Chicken,44.95,5,0.0,0,0.0,0.0,0.0,USD
2025-01-01,2026-06-03,The Grinchโข Big Macยฎ Meal,Most Popular,43.37,3,0.0,0,0.0,0.0,0.0,USD
2025-01-01,2026-06-03,Bacon Hot Honey McCrispyโข Meal,Most Popular,42.77,3,0.0,0,0.0,0.0,0.0,USD
2025-01-01,2026-06-03,Chocolate Milk,Drinks,42.77,23,0.01,1,0.01,4.35,1.67,USD
2025-01-01,2026-06-03,Apple & Pumpkin & Creme Pie,Sweets & Treats,42.77,13,0.0,0,0.0,0.0,0.0,USD
2025-01-01,2026-06-03,Strawberry Watermelon Refresher,McCafรฉยฎ Coffees,42.02,8,0.0,0,0.0,0.0,0.0,USD
2025-01-01,2026-06-03,Hot Honey Sausage Egg Biscuit Meal,Limited Time: Hot Honey,41.54,4,0.0,1,0.01,25.0,1.11,USD
2025-01-01,2026-06-03,Medium Frozen Spriteยฎ Lymonadeยฎ,Drinks,41.07,13,0.0,4,0.05,23.08,8.27,USD
2025-01-01,2026-06-03,Steak Egg Biscuit Meal,Combo Meals,40.35,4,0.0,0,0.0,0.0,0.0,USD
2025-01-01,2026-06-03,Hot Honey McCrispyโข Meal,Most Popular,39.67,3,0.0,0,0.0,0.0,0.0,USD
2025-01-01,2026-06-03,Milk,McCafรฉยฎ Beverages,39.59,21,0.01,0,0.0,0.0,0.0,USD
2025-01-01,2026-06-03,Iced Pumpkin Latte,McCafรฉยฎ Coffees,38.69,9,0.0,0,0.0,0.0,0.0,USD
2025-01-01,2026-06-03,Iced Mocha,McCafรฉยฎ,38.28,9,0.0,1,0.01,11.11,3.63,USD
2025-01-01,2026-06-03,McRibยฎ,Individual Items,37.74,6,0.0,0,0.0,0.0,0.0,USD
2025-01-01,2026-06-03,3 Piece McCrispyโข Strips,Limited Time: Buffalo Ranch,37.44,6,0.0,0,0.0,0.0,0.0,USD
2025-01-01,2026-06-03,4 Piece McCrispyโข Strips,Meals,36.95,5,0.0,0,0.0,0.0,0.0,USD
2025-01-01,2026-06-03,Caramel Hot Chocolate,McCafรฉยฎ Coffees,36.18,9,0.0,3,0.04,33.33,3.39,USD
2025-01-01,2026-06-03,Dirty Dr Pepperยฎ,McCafรฉยฎ Beverages,36.12,8,0.0,0,0.0,0.0,0.0,USD
2025-01-01,2026-06-03,Special Edition Gold McCrispyโข,Most Popular,35.96,4,0.0,0,0.0,0.0,0.0,USD
2025-01-01,2026-06-03,Special Edition Gold McCrispyโข,Limited Time: Special Edition Gold,35.96,4,0.0,0,0.0,0.0,0.0,USD
2025-01-01,2026-06-03,Spriteยฎ Berry Blast,McCafรฉยฎ,35.42,8,0.0,0,0.0,0.0,0.0,USD
2025-01-01,2026-06-03,Hot Honey McCrispyโข Meal,Chicken,35.37,3,0.0,1,0.01,33.33,10.19,USD
2025-01-01,2026-06-03,Unsweetened Iced Tea,Drinks,35.27,13,0.0,0,0.0,0.0,0.0,USD
2025-01-01,2026-06-03,Special Edition Gold Snack Wrapยฎ & Spicy Snack Wrapยฎ Meal,Chicken,35.07,3,0.0,0,0.0,0.0,0.0,USD
2025-01-01,2026-06-03,Spicy Egg McMuffinยฎ,Individual Items,34.51,6,0.0,0,0.0,0.0,0.0,USD
2025-01-01,2026-06-03,Mt. McDonaldland Shake,Sweets and Treats,34.43,7,0.0,1,0.01,14.29,4.79,USD
2025-01-01,2026-06-03,Lemonade,Drinks,33.29,11,0.0,0,0.0,0.0,0.0,USD
2025-01-01,2026-06-03,A Minecraft Movie 10 Piece McNuggetsยฎ Meal,Meals,33.28,2,0.0,0,0.0,0.0,0.0,USD
2025-01-01,2026-06-03,Krispy Kremeยฎ ยฝ Dozen Variety Doughnuts,Sweets & Treats,32.38,2,0.0,1,0.01,50.0,13.75,USD
2025-01-01,2026-06-03,OREOยฎ Shamrock McFlurryยฎ,Most Popular,32.32,8,0.0,1,0.01,12.5,4.28,USD
2025-01-01,2026-06-03,Hot Honey McCrispyโข,Most Popular,32.05,4,0.0,0,0.0,0.0,0.0,USD
2025-01-01,2026-06-03,Spicy Egg McMuffinยฎ Meal,Limited Time: Spicy McMuffinยฎ,31.97,3,0.0,0,0.0,0.0,0.0,USD
2025-01-01,2026-06-03,BBQ Bacon Quarter Pounderยฎ with Cheese,BBQ Bacon QPC: Angel Reese Special,31.96,4,0.0,0,0.0,0.0,0.0,USD
2025-01-01,2026-06-03,BBQ Bacon Quarter Pounderยฎ with Cheese,Individual Items,31.96,4,0.0,0,0.0,0.0,0.0,USD
2025-01-01,2026-06-03,Strawberry Watermelon Refresher,Drinks,31.94,6,0.0,0,0.0,0.0,0.0,USD
2025-01-01,2026-06-03,Lemonade,McCafรฉยฎ Beverages,31.7,10,0.0,0,0.0,0.0,0.0,USD
2025-01-01,2026-06-03,Bacon Quarter Pounderยฎ with Cheese,Meals,31.65,4,0.0,0,0.0,0.0,0.0,USD
2025-01-01,2026-06-03,Hot Honey Sauce Cup,Condiments,31.59,81,0.03,4,0.05,4.94,2.02,USD
2025-01-01,2026-06-03,The Grinchโข McShaker Fries,Most Popular,30.84,6,0.0,1,0.01,16.67,4.75,USD
2025-01-01,2026-06-03,Iced Latte,McCafรฉยฎ,30.5,6,0.0,2,0.03,33.33,4.99,USD
2025-01-01,2026-06-03,Premium Hot Chocolate,McCafรฉยฎ,30.18,7,0.0,1,0.01,14.29,4.09,USD
2025-01-01,2026-06-03,Mango Pineapple Refresher,McCafรฉยฎ,29.94,6,0.0,0,0.0,0.0,0.0,USD
2025-01-01,2026-06-03,Krispy Kremeยฎ ยฝ Dozen Original Glazedยฎ Doughnuts,Sweets & Treats,29.78,2,0.0,0,0.0,0.0,0.0,USD
2025-01-01,2026-06-03,Ramyeon McShaker Fries,Most Popular,29.64,6,0.0,0,0.0,0.0,0.0,USD
2025-01-01,2026-06-03,Special Edition Gold McCrispyโข Meal,Chicken,29.36,2,0.0,0,0.0,0.0,0.0,USD
2025-01-01,2026-06-03,Double BBQ Bacon Quarter Pounderยฎ with Cheese,Individual Items,29.07,3,0.0,0,0.0,0.0,0.0,USD
2025-01-01,2026-06-03,3 Piece McCrispyโข Strips Meal,Limited Time: Buffalo Ranch,28.28,2,0.0,1,0.01,50.0,2.96,USD
2025-01-01,2026-06-03,DASANIยฎ Bottled Water,Drinks,28.26,14,0.01,0,0.0,0.0,0.0,USD
2025-01-01,2026-06-03,Spicy Sausage McMuffinยฎ,Individual Items,27.93,7,0.0,0,0.0,0.0,0.0,USD
2025-01-01,2026-06-03,Medium Hot Chocolate,McCafรฉยฎ Coffees,27.72,7,0.0,1,0.01,14.29,3.44,USD
2025-01-01,2026-06-03,Peppermint Hot Chocolate,McCafรฉยฎ Coffees,27.23,7,0.0,0,0.0,0.0,0.0,USD
2025-01-01,2026-06-03,The Angel Reese Special,Limited Time: Angel Reese Special,26.38,2,0.0,0,0.0,0.0,0.0,USD
2025-01-01,2026-06-03,Spicy Sausage McMuffinยฎ with Egg Meal,Limited Time: Spicy McMuffinยฎ,26.07,3,0.0,0,0.0,0.0,0.0,USD
2025-01-01,2026-06-03,Coca-Colaยฎ Zero Sugar,Drinks,25.68,12,0.0,0,0.0,0.0,0.0,USD
2025-01-01,2026-06-03,2 Hot Honey Snack Wrapยฎ Meal,Chicken,25.58,2,0.0,0,0.0,0.0,0.0,USD
2025-01-01,2026-06-03,English McMuffinยฎ,Sandwiches,25.54,16,0.01,0,0.0,0.0,0.0,USD
2025-01-01,2026-06-03,Bagel,Sandwiches,25.33,17,0.01,1,0.01,5.88,1.25,USD
2025-01-01,2026-06-03,The Angel Reese Special,Combo Meals,24.98,2,0.0,0,0.0,0.0,0.0,USD
2025-01-01,2026-06-03,Spicy Sausage McMuffinยฎ with Egg ,Individual Items,24.95,5,0.0,0,0.0,0.0,0.0,USD
2025-01-01,2026-06-03,3 Piece McCrispyโข Strips,Limited Time: Special Edition Gold,24.86,4,0.0,0,0.0,0.0,0.0,USD
2025-01-01,2026-06-03,Iced Vanilla Latte,McCafรฉยฎ,24.37,5,0.0,0,0.0,0.0,0.0,USD
2025-01-01,2026-06-03,Honest Kidsยฎ Organic Apple Juice Drink,Drinks,24.17,13,0.0,1,0.01,7.69,0.0,USD
2025-01-01,2026-06-03,2 Buffalo Ranch Snack Wrapยฎ Meal,Chicken,23.48,2,0.0,0,0.0,0.0,0.0,USD
2025-01-01,2026-06-03,2 Special Edition Gold Snack Wrapยฎ Meal,Chicken,23.38,2,0.0,0,0.0,0.0,0.0,USD
2025-01-01,2026-06-03,Peppermint Mocha,McCafรฉยฎ Coffees,23.03,5,0.0,0,0.0,0.0,0.0,USD
2025-01-01,2026-06-03,Spriteยฎ Berry Blast,McCafรฉยฎ Coffees,22.74,5,0.0,0,0.0,0.0,0.0,USD
2025-01-01,2026-06-03,Southern Style Sweet Tea Lemonade,McCafรฉยฎ Beverages,22.23,7,0.0,0,0.0,0.0,0.0,USD
2025-01-01,2026-06-03,McCrispyโข,Meals,22.17,3,0.0,0,0.0,0.0,0.0,USD
2025-01-01,2026-06-03,Mango Pineapple Refresher,McCafรฉยฎ Coffees,21.95,4,0.0,0,0.0,0.0,0.0,USD
2025-01-01,2026-06-03,Caramel Mocha,McCafรฉยฎ Coffees,21.94,5,0.0,1,0.01,20.0,4.4,USD
2025-01-01,2026-06-03,Egg McMuffinยฎ Meal,Sandwiches,21.08,2,0.0,0,0.0,0.0,0.0,USD
2025-01-01,2026-06-03,Special Edition Gold Sauce Cup,Condiments,21.06,54,0.02,2,0.03,3.7,0.98,USD
2025-01-01,2026-06-03,Strawberry Watermelon Refresher,McCafรฉยฎ,20.76,4,0.0,1,0.01,25.0,4.29,USD
2025-01-01,2026-06-03,Steak Egg Biscuit,Individual Items,20.74,4,0.0,0,0.0,0.0,0.0,USD
2025-01-01,2026-06-03,Honest Kidsยฎ Organic Apple Juice Drink,McCafรฉยฎ Beverages,20.39,11,0.0,0,0.0,0.0,0.0,USD
2025-01-01,2026-06-03,DASANIยฎ Bottled Water,McCafรฉยฎ Beverages,20.1,10,0.0,0,0.0,0.0,0.0,USD
2025-01-01,2026-06-03,Latte,McCafรฉยฎ Coffees,19.74,4,0.0,0,0.0,0.0,0.0,USD
2025-01-01,2026-06-03,Deluxe Special Edition Gold McCrispyโข,Chicken,19.57,2,0.0,0,0.0,0.0,0.0,USD
2025-01-01,2026-06-03,HERSHEY'S S'mores McFlurryยฎ,Most Popular,19.43,6,0.0,1,0.01,16.67,2.35,USD
2025-01-01,2026-06-03,Double Bacon Quarter Pounderยฎ with Cheese,Meals,19.38,2,0.0,0,0.0,0.0,0.0,USD
2025-01-01,2026-06-03,Bagel,Individual Items,19.37,13,0.0,0,0.0,0.0,0.0,USD
2025-01-01,2026-06-03,Dirty Dr Pepperยฎ,McCafรฉยฎ Coffees,19.35,4,0.0,1,0.01,25.0,4.7,USD
2025-01-01,2026-06-03,Bacon Hot Honey McCrispyโข,Chicken,18.38,2,0.0,0,0.0,0.0,0.0,USD
2025-01-01,2026-06-03,1 of 6 McDonaldland Collectible ,The McDonaldland Meal,18.0,9,0.0,0,0.0,0.0,0.0,USD
2025-01-01,2026-06-03,Buffalo Ranch Sauce Cup,Condiments,17.94,46,0.02,1,0.01,2.17,0.32,USD
2025-01-01,2026-06-03,Orange Dream,Drinks,16.96,4,0.0,0,0.0,0.0,0.0,USD
2025-01-01,2026-06-03,Spicy Sausage McMuffinยฎ,Most Popular,16.94,4,0.0,0,0.0,0.0,0.0,USD
2025-01-01,2026-06-03,Hot Tea,McCafรฉยฎ Coffees,16.91,9,0.0,0,0.0,0.0,0.0,USD
2025-01-01,2026-06-03,Deluxe McCrispyโข,Meals,16.57,2,0.0,1,0.01,50.0,6.7,USD
2025-01-01,2026-06-03,Apple & Pumpkin & Creme Pie,Sweets and Treats,16.45,5,0.0,0,0.0,0.0,0.0,USD
2025-01-01,2026-06-03,BBQ Bacon Quarter Pounderยฎ with Cheese,Limited Time: Angel Reese Special,15.98,2,0.0,0,0.0,0.0,0.0,USD
2025-01-01,2026-06-03,Mango Pineapple Refresher,Drinks,15.37,3,0.0,0,0.0,0.0,0.0,USD
2025-01-01,2026-06-03,Iced Peppermint Coffee,McCafรฉยฎ Coffees,15.13,4,0.0,0,0.0,0.0,0.0,USD
2025-01-01,2026-06-03,Spicy Sausage McMuffinยฎ with Egg ,Most Popular,14.97,3,0.0,0,0.0,0.0,0.0,USD
2025-01-01,2026-06-03,BBQ Bacon QPC: The Angel Reese Special Double,Most Popular,14.79,1,0.0,0,0.0,0.0,0.0,USD
2025-01-01,2026-06-03,The Angel Reese Special - Double,Most Popular,14.79,1,0.0,0,0.0,0.0,0.0,USD
2025-01-01,2026-06-03,A Minecraft Movie Big Macยฎ Meal,Most Popular,14.49,1,0.0,0,0.0,0.0,0.0,USD
2025-01-01,2026-06-03,Sausage McMuffinยฎ Meal,Sandwiches,14.48,2,0.0,0,0.0,0.0,0.0,USD
2025-01-01,2026-06-03,Vanilla Latte,McCafรฉยฎ,14.36,4,0.0,0,0.0,0.0,0.0,USD
2025-01-01,2026-06-03,Blackberry Passion Fruit Refresher,McCafรฉยฎ Beverages,14.27,3,0.0,0,0.0,0.0,0.0,USD
2025-01-01,2026-06-03,The Grinchโข 10 pc. Chicken McNuggetsยฎ Meal,Most Popular,13.79,1,0.0,0,0.0,0.0,0.0,USD
2025-01-01,2026-06-03,OREOยฎ Shamrock McFlurryยฎ,Sweets and Treats,12.86,4,0.0,0,0.0,0.0,0.0,USD
2025-01-01,2026-06-03,Hot Tea,Beverages,12.73,7,0.0,0,0.0,0.0,0.0,USD
2025-01-01,2026-06-03,Spicy Saja McMuffinยฎ with Egg,Most Popular,12.57,3,0.0,0,0.0,0.0,0.0,USD
2025-01-01,2026-06-03,Southern Style Sweet Tea Lemonade,Drinks,12.16,4,0.0,0,0.0,0.0,0.0,USD
2025-01-01,2026-06-03,Hot Honey Snack Wrapยฎ and Ranch Snack Wrapยฎ Meal,Chicken,11.69,1,0.0,0,0.0,0.0,0.0,USD
2025-01-01,2026-06-03,Krispy Kremeยฎ Original Glazedยฎ Doughnut,Sweets and Treats,11.56,4,0.0,0,0.0,0.0,0.0,USD
2025-01-01,2026-06-03,French Vanilla Latte,Most Popular,11.46,3,0.0,0,0.0,0.0,0.0,USD
2025-01-01,2026-06-03,Hunter Sauce,Condiments,11.31,29,0.01,0,0.0,0.0,0.0,USD
2025-01-01,2026-06-03,English McMuffinยฎ,Individual Items,11.23,7,0.0,0,0.0,0.0,0.0,USD
2025-01-01,2026-06-03,Nether Flame Sauce,Condiments,11.2,32,0.01,1,0.01,3.13,0.31,USD
2025-01-01,2026-06-03,Buffalo Ranch Snack Wrapยฎ & Ranch Snack Wrapยฎ Meal,Chicken,10.99,1,0.0,0,0.0,0.0,0.0,USD
2025-01-01,2026-06-03,Vanilla Latte,McCafรฉยฎ Coffees,10.66,2,0.0,0,0.0,0.0,0.0,USD
2025-01-01,2026-06-03,Cold Brew Frappe,McCafรฉยฎ Coffees,10.58,2,0.0,1,0.01,50.0,4.5,USD
2025-01-01,2026-06-03,Iced Caramel Mocha,McCafรฉยฎ Coffees,10.53,3,0.0,1,0.01,33.33,2.37,USD
2025-01-01,2026-06-03,Blackberry Passion Fruit Refresher,Drinks,10.38,2,0.0,0,0.0,0.0,0.0,USD
2025-01-01,2026-06-03,Blackberry Passion Fruit Refresher,McCafรฉยฎ,9.98,2,0.0,0,0.0,0.0,0.0,USD
2025-01-01,2026-06-03,Krispy Kremeยฎ Chocolate Iced Kreme Filled Doughnut,Sweets and Treats,9.57,3,0.0,0,0.0,0.0,0.0,USD
2025-01-01,2026-06-03,Bacon Buffalo Ranch McCrispyโข,Most Popular,9.48,1,0.0,0,0.0,0.0,0.0,USD
2025-01-01,2026-06-03,Caramel Macchiato,McCafรฉยฎ,9.47,2,0.0,1,0.01,50.0,4.31,USD
2025-01-01,2026-06-03,Demon Sauce,Condiments,9.36,24,0.01,3,0.04,12.5,1.98,USD
2025-01-01,2026-06-03,Bacon Hot Honey McCrispyโข,Most Popular,9.19,1,0.0,0,0.0,0.0,0.0,USD
2025-01-01,2026-06-03,Blackberry Passion Fruit Refresher,McCafรฉยฎ Coffees,9.18,2,0.0,1,0.01,50.0,3.94,USD
2025-01-01,2026-06-03,Orange Dream,McCafรฉยฎ Coffees,8.88,2,0.0,0,0.0,0.0,0.0,USD
2025-01-01,2026-06-03,Unsweetened Iced Tea,McCafรฉยฎ Beverages,8.87,3,0.0,1,0.01,33.33,2.54,USD
2025-01-01,2026-06-03,Dirty Dr Pepperยฎ,McCafรฉยฎ,8.58,2,0.0,0,0.0,0.0,0.0,USD
2025-01-01,2026-06-03,Dirty Dr Pepperยฎ,Drinks,8.48,2,0.0,0,0.0,0.0,0.0,USD
2025-01-01,2026-06-03,Spicy Saja McMuffinยฎ with Egg,Sandwiches,8.38,2,0.0,0,0.0,0.0,0.0,USD
2025-01-01,2026-06-03,The Grinchโข Socks,Limited Time: The Grinchโข Meal,8.25,3,0.0,1,0.01,33.33,6.92,USD
2025-01-01,2026-06-03,Hot Honey McCrispyโข,Chicken,7.89,1,0.0,0,0.0,0.0,0.0,USD
2025-01-01,2026-06-03,Spicy Sausage McMuffinยฎ Meal,Combo Meals,7.79,1,0.0,0,0.0,0.0,0.0,USD
2025-01-01,2026-06-03,Orange Dream,McCafรฉยฎ Beverages,7.58,2,0.0,0,0.0,0.0,0.0,USD
2025-01-01,2026-06-03,Spicy McCrispyโข,Meals,7.39,1,0.0,0,0.0,0.0,0.0,USD
2025-01-01,2026-06-03,Iced Sugar Free Vanilla Coffee,McCafรฉยฎ,7.18,2,0.0,0,0.0,0.0,0.0,USD
2025-01-01,2026-06-03,Caramel Cappuccino,McCafรฉยฎ,7.07,1,0.0,1,0.01,100.0,6.18,USD
2025-01-01,2026-06-03,Unsweetened Tea Lemonade,Drinks,6.58,2,0.0,0,0.0,0.0,0.0,USD
2025-01-01,2026-06-03,3 Piece McCrispyโข Strips,Meals,6.19,1,0.0,0,0.0,0.0,0.0,USD
2025-01-01,2026-06-03,Unsweetened Tea Lemonade,McCafรฉยฎ Beverages,5.78,2,0.0,0,0.0,0.0,0.0,USD
2025-01-01,2026-06-03,Cappuccino,McCafรฉยฎ Coffees,4.39,1,0.0,0,0.0,0.0,0.0,USD
2025-01-01,2026-06-03,Iced Vanilla Latte,McCafรฉยฎ Coffees,4.39,1,0.0,0,0.0,0.0,0.0,USD
2025-01-01,2026-06-03,Americano,McCafรฉยฎ,4.39,1,0.0,0,0.0,0.0,0.0,USD
2025-01-01,2026-06-03,Caramel Latte,McCafรฉยฎ,4.39,1,0.0,0,0.0,0.0,0.0,USD
2025-01-01,2026-06-03,Mocha,McCafรฉยฎ,3.89,1,0.0,0,0.0,0.0,0.0,USD
2025-01-01,2026-06-03,Latte,McCafรฉยฎ,3.89,1,0.0,0,0.0,0.0,0.0,USD
2025-01-01,2026-06-03,Orange Dream,McCafรฉยฎ,3.79,1,0.0,0,0.0,0.0,0.0,USD
2025-01-01,2026-06-03,Sugar Free Vanilla Latte,McCafรฉยฎ Coffees,3.59,1,0.0,0,0.0,0.0,0.0,USD
2025-01-01,2026-06-03,Vanilla Cappuccino,McCafรฉยฎ,3.19,1,0.0,0,0.0,0.0,0.0,USD
2025-01-01,2026-06-03,Sugar Free Vanilla Cappuccino,McCafรฉยฎ Coffees,3.19,1,0.0,0,0.0,0.0,0.0,USD
2025-01-01,2026-06-03,Splenda Packet,Condiments,0.0,38,0.01,1,0.01,2.63,0.0,USD
2025-01-01,2026-06-03,Sugar Packet,Condiments,0.0,530,0.19,1,0.01,0.19,0.0,USD
2025-01-01,2026-06-03,Creamer Packet,Condiments,0.0,786,0.28,3,0.04,0.38,0.0,USD
2025-01-01,2026-06-03,Pepper Packet,Condiments,0.0,315,0.11,3,0.04,0.95,0.0,USD
2025-01-01,2026-06-03,Butter,Condiments,0.0,388,0.14,3,0.04,0.77,0.0,USD
2025-01-01,2026-06-03,Grape Jam,Condiments,0.0,2041,0.72,3,0.04,0.15,0.0,USD
2025-01-01,2026-06-03,Mustard Packet,Condiments,0.0,118,0.04,0,0.0,0.0,0.0,USD
2025-01-01,2026-06-03,Mayonnaise Packet,Condiments,0.0,1077,0.38,6,0.08,0.56,0.0,USD
2025-01-01,2026-06-03,Equal Packet,Condiments,0.0,264,0.09,0,0.0,0.0,0.0,USD
2025-01-01,2026-06-03,Ketchup Packet,Condiments,0.0,6473,2.29,15,0.19,0.22,0.0,USD
2025-01-01,2026-06-03,Strawberry Preserve,Condiments,0.0,1983,0.7,5,0.06,0.25,0.0,USD
2025-01-01,2026-06-03,Salt Packet,Condiments,0.0,683,0.24,5,0.06,0.73,0.0,USD
2025-01-01,2026-06-03,Hot Picante Salsa,Condiments,0.0,401,0.14,0,0.0,0.0,0.0,USD
2025-01-01,2026-06-03,Mild Picante Salsa,Condiments,0.0,200,0.07,3,0.04,1.0,0.0,USD
2025-01-01,2026-06-03,Lite Mayo Packet,Condiments,0.0,103,0.04,2,0.03,1.94,0.0,USD
